{
  "majorVersion": 3,
  "minorVersion": 2,
  "patchVersion": 1,
  "isDefaultConfig": false,
  "displayMode": "format",
  "doIntermediateUpdates": true,
  "timeDependencyDecimalPrecision": 1,
  "timeDependencyDecimalOffset": 2,
  "judgments": [
    {
      "threshold": 114,
      "text": "<size=590%>%s</size>",
      "color": [
        1.0,
        1.0,
        1.0,
        1.0
      ],
      "fade": false
    },
    {
      "threshold": 113,
      "text": "<size=310%>%s</size>",
      "color": [
        0.0,
        0.92156862745,
        0.92156862745,
        1.0
      ],
      "fade": false
    },
    {
      "threshold": 110,
      "text": "<size=270%>%s</size>",
      "color": [
        0.78039215686,
        0.0,
        0.92156862745,
        1.0
      ],
      "fade": false
    },
    {
      "threshold": 108,
      "text": "<size=220%>%s</size>",
      "color": [
        0.13725490196,
        0.39607843137,
        0.85098039215,
        1.0
      ],
      "fade": false
    },
    {
      "threshold": 107,
      "text": "<size=220%>%s</size>",
      "color": [
        0.86666666666,
        0.90980392156,
        0.39215686274,
        1.0
      ],
      "fade": false
    },
    {
      "threshold": 105,
      "text": "<size=220%>%s</size>",
      "color": [
        1.0,
        0.80392156862,
        0.38039215686,
        1.0
      ],
      "fade": false
    },
    {
      "threshold": 102,
      "text": "<size=210%>%s</size>",
      "color": [
        0.98823529411,
        0.67843137254,
        0.01176470588,
        1.0
      ],
      "fade": false
    },
    {
      "threshold": 101,
      "text": "<size=210%>%s</size>",
      "color": [
        0.74117647058,
        0.01176470588,
        0.0,
        1.0
      ],
      "fade": false
    },
    {
      "threshold": 90,
      "text": "<size=210%>%s</size>",
      "color": [
        0.74117647058,
        0.01176470588,
        0.0,
        1.0
      ],
      "fade": false
    },
    {
      "threshold": 80,
      "text": "<size=210%>%s</size>",
      "color": [
        0.74117647058,
        0.01176470588,
        0.0,
        1.0
      ],
      "fade": true
    },
    {
      "threshold": 60,
      "text": "<size=210%>%s</size>",
      "color": [
        0.74117647058,
        0.01176470588,
        0.0,
        1.0
      ],
      "fade": true
    },
    {
      "threshold": 0,
      "text": "<size=300%>%B0</size>",
      "color": [
        0.74117647058,
        0.01176470588,
        0.0,
        1.0
      ],
      "fade": true
    }
  ],
  "beforeCutAngleJudgments": [
    {
      "threshold": 70,
      "text": ""
    },
    {
      "threshold": 0,
      "text": " "
    }
  ],
  "accuracyJudgments": [
    {
      "threshold": 15,
      "text": "  "
    },
    {
      "threshold": 0,
      "text": " "
    }
  ],
  "afterCutAngleJudgments": [
    {
      "threshold": 30,
      "text": "  "
    },
    {
      "threshold": 0,
      "text": " "
    }
  ]
}