{
  "majorVersion": 3,
  "minorVersion": 3,
  "patchVersion": 3,
  "isDefaultConfig": false,
  "displayMode": "format",
  "doIntermediateUpdates": true,
  "timeDependencyDecimalPrecision": 0,
  "timeDependencyDecimalOffset": 0,
  "judgments": [
    {
      "threshold": 115,
      "text": "<size=250%>15</size> %n %B %A",
      "color": [
        1.0,
        1.0,
        1.0,
        1.0
      ],
      "fade": false
    },
    {
      "threshold": 114,
      "text": "<size=150%>14</size> %n %B %A",
      "color": [
        3.0,
        0.0,
        3.0,
        1.0
      ],
      "fade": false
    },
    {
      "threshold": 113,
      "text": "<size=150%>13</size> %n %B %A",
      "color": [
        3.0,
        0.0,
        3.0,
        1.0
      ],
      "fade": false
    },
    {
      "threshold": 112,
      "text": "<size=100%>12</size> %n %B %A",
      "color": [
        0.0,
        1.0,
        3.0,
        1.0
      ],
      "fade": false
    },
    {
      "threshold": 111,
      "text": "<size=100%>11</size> %n %B %A",
      "color": [
        0.0,
        1.0,
        3.0,
        1.0
      ],
      "fade": false
    },
    {
      "threshold": 110,
      "text": "<size=110%>10</size> %n %B %A",
      "color": [
        0.0,
        1.0,
        3.0,
        1.0
      ],
      "fade": false
    },
    {
      "threshold": 109,
      "text": "<size=120%>9</size> %n %B %A",
      "color": [
        1.0,
        1.0,
        0.0,
        1.0
      ],
      "fade": false
    },
    {
      "threshold": 108,
      "text": "<size=125%>8</size> %n %B %A",
      "color": [
        1.0,
        1.0,
        0.0,
        1.0
      ],
      "fade": false
    },
    {
      "threshold": 107,
      "text": "<size=135%>7</size> %n %B %A",
      "color": [
        1.0,
        1.0,
        0.0,
        1.0
      ],
      "fade": false
    },
    {
      "threshold": 106,
      "text": "<size=140%>6</size> %n %B %A",
      "color": [
        1.0,
        0.9,
        0.0,
        1.0
      ],
      "fade": false
    },
    {
      "threshold": 105,
      "text": "<size=150%>5</size> %n %B %A",
      "color": [
        1.0,
        0.5,
        0.0,
        1.0
      ],
      "fade": false
    },
    {
      "threshold": 100,
      "text": "<size=150%> POGGERS </size> %n %B %A",
      "color": [
        1.0,
        0.0,
        0.0,
        1.0
      ],
      "fade": true
    },
    {
      "threshold": 10,
      "text": "<size=125%> RESTART </size>",
      "color": [
        0.5,
        0.0,
        0.0,
        1.0
      ],
      "fade": true
    },
    {
      "threshold": 0,
      "text": "<size=125%> EPIC </size>",
      "color": [
        0.9,
        0.9,
        1.0,
        1.0
      ],
      "fade": true
    }
  ],
  "beforeCutAngleJudgments": [
    {
      "threshold": 70,
      "text": " "
    },
    {
      "threshold": 0,
      "text": " * "
    }
  ],
  "accuracyJudgments": [
    {
      "threshold": 15,
      "text": "+"
    },
    {
      "threshold": 0,
      "text": "  "
    }
  ],
  "afterCutAngleJudgments": [
    {
      "threshold": 30,
      "text": " "
    },
    {
      "threshold": 0,
      "text": " * "
    }
  ]
}