{
  "majorVersion": 3,
  "minorVersion": 2,
  "patchVersion": 0,
  "isDefaultConfig": false,
  "displayMode": "format",
  "doIntermediateUpdates": true,
  "timeDependencyDecimalPrecision": 0,
  "timeDependencyDecimalOffset": 0,
  "judgments": [
    {
      "threshold": 115,
      "text": "<size=350%>%s</size>%n%n%B %C %A%n",
      "color": [
        1.0,
        1.0,
        1.0,
        5.0
      ],
      "fade": false
    },
    {
      "threshold": 114,
      "text": "<size=300%>%s</size>%n%n%B %C %A%n",
      "color": [
        1.0,
        1.0,
        1.0,
        0.3
      ],
      "fade": false
    },
    {
      "threshold": 113,
      "text": "<size=200%>%s</size>%n%n%B %C %A%n",
      "color": [
        0.0,
        1.0,
        1.0,
        0.2
      ],
      "fade": false
    },
    {
      "threshold": 112,
      "text": "<size=150%>%s</size>%n%n%B %C %A%n",
      "color": [
        1.0,
        0.0,
        0.2,
        0.2
      ],
      "fade": false
    },
    {
      "threshold": 111,
      "text": "<size=150%>%s</size>%n%n%B %C %A%n",
      "color": [
        0.0,
        0.0,
        1.0,
        0.2
      ],
      "fade": false
    },
    {
      "threshold": 110,
      "text": "<size=150%>%s</size>%n%n%B %C %A%n",
      "color": [
        0.0,
        1.0,
        0.0,
        0.2
      ],
      "fade": false
    },
    {
      "threshold": 101,
      "text": "<size=150%>%s</size>%n%n%B %C %A%n",
      "color": [
        1.0,
        1.0,
        0.0,
        0.2
      ],
      "fade": false
    },
    {
      "threshold": 100,
      "text": "<size=200%>IDIOT</size>%n%n%B %C %A",
      "color": [
        1.0,
        1.0,
        0.0,
        0.2
      ],
      "fade": false
    },
    {
      "threshold": 0,
      "text": "<size=150%>%s</size>%n%n%B %C %A%n",
      "color": [
        1.0,
        0.0,
        0.0,
        0.2
      ],
      "fade": false
    }
  ],
  "beforeCutAngleJudgments": [
    {
      "threshold": 71,
      "text": "?!?!?!?!"
    },
    {
      "threshold": 70,
      "text": " "
    },
    {
      "threshold": 0,
      "text": "nice underswing loser"
    }
  ],
  "accuracyJudgments": [
    {
      "threshold": 0,
      "text": " "
    }
  ],
  "afterCutAngleJudgments": [
    {
      "threshold": 31,
      "text": "?!?!?!?!"
    },
    {
      "threshold": 30,
      "text": " "
    },
    {
      "threshold": 0,
      "text": "stupido"
    }
  ]
}