{
  "majorVersion": 3,
  "minorVersion": 3,
  "patchVersion": 2,
  "isDefaultConfig": false,
  "displayMode": "format",
  "doIntermediateUpdates": true,
  "timeDependencyDecimalPrecision": 0,
  "timeDependencyDecimalOffset": 0,
  "judgments": [
    {"threshold": 115, "text": "<size=200%><color=#FAF4F4><color=#FAF4F4><color=#FAF4F4><color=#FAF4F4><color=#FAF4F4><color=#FAF4F4><color=#FAF4F4>1<color=#FAF4F4>5<color=#FAF4F4></size>", "color": [1, 1, 1, 1], "fade": false},
    {"threshold": 114, "text": "<size=200%><color=#FAF4F4><color=#FAF4F4>1<color=#1aedf2>4</size>", "color": [1, 1, 1, 1], "fade": false},
    {"threshold": 113, "text": "<size=200%><color=#FAF4F4><color=#1aedf2>1<color=#1aedf2>3</size>", "color": [1, 1, 1, 1], "fade": false},
    {"threshold": 112, "text": "<size=200%><color=#FAF4F4><color=#13e8f0>1<color=#ea02a5>2</size>", "color": [1, 1, 1, 1], "fade": false},
    {"threshold": 111, "text": "<size=200%><color=#FAF4F4><color=#ea02a5>1<color=#ea02a5>1</size>", "color": [1, 1, 1, 1], "fade": false},
    {"threshold": 110, "text": "<size=200%><color=#FAF4F4><color=#ea02a5>1<color=#0002ff>0</size>", "color": [1, 1, 1, 1], "fade": false},
    {
      "threshold": 109,
      "text": "<size=150%>9</size>",
      "color": [
        0,
	0.007843138,
	1,
        1.0
      ],
      "fade": false
    },
    {
      "threshold": 108,
      "text": "<size=150%>8</size>",
      "color": [
        0,
	0.007843138,
	1,
        1.0
      ],
      "fade": false
    },
    {
      "threshold": 107,
      "text": "<size=150%>7</size>",
      "color": [
        0,
	0.007843138,
	1,
        1.0
      ],
      "fade": false
    },
    {
      "threshold": 106,
      "text": "<size=150%>6</size>",
      "color": [
        0,
	0.007843138,
	1,
        1.0
      ],
      "fade": false
    },
    {
      "threshold": 105,
      "text": "<size=150%>5</size>",
      "color": [
       	0.01960784,
	0.9686275,
	0.02745098,
        1.0
      ],
      "fade": false
    },
    {
      "threshold": 104,
      "text": "<size=150%>4</size>",
      "color": [
       	0.01960784,
	0.9686275,
	0.02745098,
        1.0
      ],
      "fade": false
    },
    {
      "threshold": 103,
      "text": "<size=150%>3</size>",
      "color": [
        0.01960784,
	0.9686275,
	0.02745098,
        1.0
      ],
      "fade": false
    },
    {
      "threshold": 102,
      "text": "<size=150%>2</size>",
      "color": [
        0.01960784,
	0.9686275,
	0.02745098,
        1.0
      ],
      "fade": false
    },
    {
      "threshold": 101,
      "text": "<size=100%>1</size>",
      "color": [
        1.0,
        1.0,
        0.0,
        1.0
      ],
      "fade": false
    },
    {
      "threshold": 100,
      "text": "<size=150%><1</size>",
      "color": [
        1.0,
        1.0,
        0.0,
        1.0
      ],
      "fade": false
    },
    {
      "threshold": 90,
      "text": "<size=120%>bruh</size>",
      "color": [
        1.0,
        1.0,
        0.0,
        1.0
      ],
      "fade": false
    },
    {
      "threshold": 60,
      "text": "<size=190%>:/</size>",
      "color": [
        1.0,
        0.0,
        0.0,
        1.0
      ],
      "fade": true
    },
    {
      "threshold": 0,
      "text": "<size=190%>☠</size>",
      "color": [
        1.0,
        0.0,
        0.0,
        1.0
      ],
      "fade": true
    }

  ],
  "beforeCutAngleJudgments": [
    {
      "threshold": 71,
      "text": "?!?!?!?!"
    },
    {
      "threshold": 70,
      "text": " "
    },
    {
      "threshold": 0,
      "text": "_______________"
    }
  ],
  "accuracyJudgments": [
    {
      "threshold": 0,
      "text": " "
    }
  ],
  "afterCutAngleJudgments": [
    {
      "threshold": 31,
      "text": "?!?!?!?!"
    },
    {
      "threshold": 30,
      "text": " "
    },
    {
      "threshold": 0,
      "text": "| | | | | | | |"
    }
  ]
}