{
  "majorVersion": 3,
  "minorVersion": 2,
  "patchVersion": 0,
  "isDefaultConfig": false,
  "displayMode": "format",
  "doIntermediateUpdates": true,
  "timeDependencyDecimalPrecision": 0,
  "timeDependencyDecimalOffset": 0,
  "judgments": [
    {
      "threshold": 115,
      "text": "<size=400%>115</size>",
      "color": [
        1.0,
        1.0,
        1.0,
        1.0
      ],
      "fade": false
    },
    {
      "threshold": 114,
      "text": "<size=350%>114</size>",
      "color": [
        0.0,
        1.0,
        1.0,
        1.0
      ],
      "fade": false
    },
    {
      "threshold": 113,
      "text": "<size=350%>113</size>",
      "color": [
        0.0,
        1.0,
        1.0,
        1.0
      ],
      "fade": false
    },
    {
      "threshold": 112,
      "text": "<size=330%>112</size>",
      "color": [
        1.0,
        0.0,
        1.0,
        1.0
      ],
      "fade": false
    },
    {
      "threshold": 111,
      "text": "<size=330%>111</size>",
      "color": [
        1.0,
        0.0,
        1.0,
        1.0
      ],
      "fade": true
    },
    {
      "threshold": 110,
      "text": "<size=300%>110</size>",
      "color": [
        1.0,
        0.0,
        1.0,
        1.0
      ],
      "fade": false
    },
    {
      "threshold": 109,
      "text": "<size=275%>109</size>",
      "color": [
        0.2117647,
        0.2117647,
        1.0,
        1.0
      ],
      "fade": false
    },
    {
      "threshold": 108,
      "text": "<size=250%>108</size>",
      "color": [
        0.2117647,
        0.2117647,
        1.0,
        1.0
      ],
      "fade": false
    },
    {
      "threshold": 107,
      "text": "<size=200%>107</size>",
      "color": [
        0.2117647,
        0.2117647,
        1.0,
        1.0
      ],
      "fade": false
    },
    {
      "threshold": 106,
      "text": "<size=175%>106</size>",
      "color": [
        1.0,
        0.4823529,
        0.0,
        1.0
      ],
      "fade": false
    },
    {
      "threshold": 105,
      "text": "<size=150%>105</size>",
      "color": [
        1.0,
        0.4823529,
        0.0,
        1.0
      ],
      "fade": false
    },
    {
      "threshold": 104,
      "text": "<size=150%>104</size>",
      "color": [
        1.0,
        0.4823529,
        0.0,
        1.0
      ],
      "fade": false
    },
    {
      "threshold": 103,
      "text": "<size=150%>103</size>",
      "color": [
        1.0,
        0.4823529,
        0.0,
        1.0
      ],
      "fade": false
    },
    {
      "threshold": 102,
      "text": "<size=150%>102</size>",
      "color": [
        1.0,
        0.4823529,
        0.0,
        1.0
      ],
      "fade": false
    },
    {
      "threshold": 101,
      "text": "<size=150%>101</size>",
      "color": [
        1.0,
        0.4823529,
        0.0,
        1.0
      ],
      "fade": false
    },
    {
      "threshold": 100,
      "text": "<size=150%>100</size>",
      "color": [
        1.0,
        0.4823529,
        0.0,
        1.0
      ],
      "fade": false
    },
    {
      "threshold": 99,
      "text": "<size=125%></size>%n%s",
      "color": [
        1.0,
        0.0,
        0.0,
        1.0
      ],
      "fade": false
    },
    {
      "threshold": 0,
      "text": "<size=150%>%C%n%B%s%A</size>",
      "color": [
        0.5,
        0.0,
        0.5,
        1.0
      ],
      "fade": true
    }
  ],
  "beforeCutAngleJudgments": [
    {
      "threshold": 70,
      "text": ""
    },
    {
      "threshold": 0,
      "text": ""
    }
  ],
  "accuracyJudgments": [
    {
      "threshold": 15,
      "text": ""
    },
    {
      "threshold": 0,
      "text": ""
    }
  ],
  "afterCutAngleJudgments": [
    {
      "threshold": 30,
      "text": ""
    },
    {
      "threshold": 0,
      "text": ""
    }
  ]
}