{
  "displayMode": "format",
  "doIntermediateUpdates": true,
  "judgments": [
    {
      "text": "%B%n%C%n%A",
      "color": [
        1.000,
        1.000,
        1.000,
        1.000
      ]
    }
  ],
  "beforeCutAngleJudgments": [
    {
      "threshold": 70,
      "text": ""
    },
    {
      "threshold": 69,
      "text": "<color=#FFFF00>1</color>"
    },
    {
      "threshold": 68,
      "text": "<color=#FFFF00>2</color>"
    },
    {
      "threshold": 67,
      "text": "<color=#FFFF00>3</color>"
    },
    {
      "threshold": 66,
      "text": "<color=#FFFF00>4</color>"
    },
    {
      "threshold": 65,
      "text": "<color=#FFFF00>5</color>"
    },
    {
      "threshold": 64,
      "text": "<color=#F08229>6</color>"
    },
    {
      "threshold": 63,
      "text": "<color=#F08229>7</color>"
    },
    {
      "threshold": 62,
      "text": "<color=#F08229>8</color>"
    },
    {
      "threshold": 61,
      "text": "<color=#F08229>9</color>"
    },
    {
      "threshold": 60,
      "text": "<color=#F08229>10</color>"
    },
    {
      "threshold": 59,
      "text": "<color=#B5021F>11</color>"
    },
    {
      "threshold": 58,
      "text": "<color=#B5021F>12</color>"
    },
    {
      "threshold": 57,
      "text": "<color=#B5021F>13</color>"
    },
    {
      "threshold": 56,
      "text": "<color=#B5021F>14</color>"
    },
    {
      "threshold": 55,
      "text": "<color=#B5021F>15</color>"
    },
    {
      "threshold": 54,
      "text": "<color=#B5021F>16</color>"
    },
    {
      "threshold": 53,
      "text": "<color=#B5021F>17</color>"
    },
    {
      "threshold": 52,
      "text": "<color=#B5021F>18</color>"
    },
    {
      "threshold": 51,
      "text": "<color=#B5021F>19</color>"
    },
    {
      "threshold": 50,
      "text": "<color=#B5021F>20</color>"
    },
    {
      "threshold": 49,
      "text": "<color=#B5021F>21</color>"
    },
    {
      "threshold": 48,
      "text": "<color=#B5021F>22</color>"
    },
    {
      "threshold": 47,
      "text": "<color=#B5021F>23</color>"
    },
    {
      "threshold": 46,
      "text": "<color=#B5021F>24</color>"
    },
    {
      "threshold": 45,
      "text": "<color=#B5021F>25</color>"
    },
    {
      "threshold": 44,
      "text": "<color=#B5021F>26</color>"
    },
    {
      "threshold": 43,
      "text": "<color=#B5021F>27</color>"
    },
    {
      "threshold": 42,
      "text": "<color=#B5021F>28</color>"
    },
    {
      "threshold": 41,
      "text": "<color=#B5021F>29</color>"
    },
    {
      "threshold": 40,
      "text": "<color=#B5021F>30</color>"
    },
    {
      "threshold": 39,
      "text": "<color=#B5021F>31</color>"
    },
    {
      "threshold": 38,
      "text": "<color=#B5021F>32</color>"
    },
    {
      "threshold": 37,
      "text": "<color=#B5021F>33</color>"
    },
    {
      "threshold": 36,
      "text": "<color=#B5021F>34</color>"
    },
    {
      "threshold": 35,
      "text": "<color=#B5021F>35</color>"
    },
    {
      "threshold": 34,
      "text": "<color=#B5021F>36</color>"
    },
    {
      "threshold": 33,
      "text": "<color=#B5021F>37</color>"
    },
    {
      "threshold": 32,
      "text": "<color=#B5021F>38</color>"
    },
    {
      "threshold": 31,
      "text": "<color=#B5021F>39</color>"
    },
    {
      "threshold": 30,
      "text": "<color=#B5021F>40</color>"
    },
    {
      "threshold": 29,
      "text": "<color=#B5021F>41</color>"
    },
    {
      "threshold": 28,
      "text": "<color=#B5021F>42</color>"
    },
    {
      "threshold": 27,
      "text": "<color=#B5021F>43</color>"
    },
    {
      "threshold": 26,
      "text": "<color=#B5021F>44</color>"
    },
    {
      "threshold": 25,
      "text": "<color=#B5021F>45</color>"
    },
    {
      "threshold": 24,
      "text": "<color=#B5021F>46</color>"
    },
    {
      "threshold": 23,
      "text": "<color=#B5021F>47</color>"
    },
    {
      "threshold": 22,
      "text": "<color=#B5021F>48</color>"
    },
    {
      "threshold": 21,
      "text": "<color=#B5021F>49</color>"
    },
    {
      "threshold": 20,
      "text": "<color=#B5021F>50</color>"
    },
    {
      "threshold": 19,
      "text": "<color=#B5021F>51</color>"
    },
    {
      "threshold": 18,
      "text": "<color=#B5021F>52</color>"
    },
    {
      "threshold": 17,
      "text": "<color=#B5021F>53</color>"
    },
    {
      "threshold": 16,
      "text": "<color=#B5021F>54</color>"
    },
    {
      "threshold": 15,
      "text": "<color=#B5021F>55</color>"
    },
    {
      "threshold": 14,
      "text": "<color=#B5021F>56</color>"
    },
    {
      "threshold": 13,
      "text": "<color=#B5021F>57</color>"
    },
    {
      "threshold": 12,
      "text": "<color=#B5021F>58</color>"
    },
    {
      "threshold": 11,
      "text": "<color=#B5021F>59</color>"
    },
    {
      "threshold": 10,
      "text": "<color=#B5021F>60</color>"
    },
    {
      "threshold": 9,
      "text": "<color=#B5021F>61</color>"
    },
    {
      "threshold": 8,
      "text": "<color=#B5021F>62</color>"
    },
    {
      "threshold": 7,
      "text": "<color=#B5021F>63</color>"
    },
    {
      "threshold": 6,
      "text": "<color=#B5021F>64</color>"
    },
    {
      "threshold": 5,
      "text": "<color=#B5021F>65</color>"
    },
    {
      "threshold": 4,
      "text": "<color=#B5021F>66</color>"
    },
    {
      "threshold": 3,
      "text": "<color=#B5021F>67</color>"
    },
    {
      "threshold": 2,
      "text": "<color=#B5021F>68</color>"
    },
    {
      "threshold": 1,
      "text": "<color=#B5021F>69</color>"
    },
    {
      "threshold": 0,
      "text": "<color=#B5021F>70</color>"
    }
  ],
  "accuracyJudgments": [
    {
      "threshold": 15,
      "text": "<size=225%>15</size>"
    },
    {
      "threshold": 14,
      "text": "<size=215%>14</size>"
    },
    {
      "threshold": 13,
      "text": "<color=#00FFFF><size=200%>13</size></color>"
    },
    {
      "threshold": 12,
      "text": "<color=#00FFFF>12</color>"
    },
    {
      "threshold": 11,
      "text": "<color=#00FF00>11</color>"
    },
    {
      "threshold": 10,
      "text": "<color=#00FF00>10</color>"
    },
    {
      "threshold": 9,
      "text": "<color=#FFFF00>9</color>"
    },
    {
      "threshold": 8,
      "text": "<color=#FFFF00>8</color>"
    },
    {
      "threshold": 7,
      "text": "<color=#F08229>7</color>"
    },
    {
      "threshold": 6,
      "text": "<color=#F08229>6</color>"
    },
    {
      "threshold": 5,
      "text": "<color=#F08229>5</color>"
    },
    {
      "threshold": 4,
      "text": "<color=#B5021F>4</color>"
    },
    {
      "threshold": 3,
      "text": "<color=#B5021F>3</color>"
    },
    {
      "threshold": 2,
      "text": "<color=#B5021F>2</color>"
    },
    {
      "threshold": 1,
      "text": "<color=#B5021F>1</color>"
    },
    {
      "threshold": 0,
      "text": "<color=#B5021F>0</color>"
    }
  ],
  "afterCutAngleJudgments": [
    {
      "threshold": 30,
      "text": ""
    },
    {
      "threshold": 29,
      "text": "<color=#FFFF00>1</color>"
    },
    {
      "threshold": 28,
      "text": "<color=#FFFF00>2</color>"
    },
    {
      "threshold": 27,
      "text": "<color=#FFFF00>3</color>"
    },
    {
      "threshold": 26,
      "text": "<color=#FFFF00>4</color>"
    },
    {
      "threshold": 25,
      "text": "<color=#FFFF00>5</color>"
    },
    {
      "threshold": 24,
      "text": "<color=#F08229>6</color>"
    },
    {
      "threshold": 23,
      "text": "<color=#F08229>7</color>"
    },
    {
      "threshold": 22,
      "text": "<color=#F08229>8</color>"
    },
    {
      "threshold": 21,
      "text": "<color=#F08229>9</color>"
    },
    {
      "threshold": 20,
      "text": "<color=#F08229>10</color>"
    },
    {
      "threshold": 19,
      "text": "<color=#B5021F>11</color>"
    },
    {
      "threshold": 18,
      "text": "<color=#B5021F>12</color>"
    },
    {
      "threshold": 17,
      "text": "<color=#B5021F>13</color>"
    },
    {
      "threshold": 16,
      "text": "<color=#B5021F>14</color>"
    },
    {
      "threshold": 15,
      "text": "<color=#B5021F>15</color>"
    },
    {
      "threshold": 14,
      "text": "<color=#B5021F>16</color>"
    },
    {
      "threshold": 13,
      "text": "<color=#B5021F>17</color>"
    },
    {
      "threshold": 12,
      "text": "<color=#B5021F>18</color>"
    },
    {
      "threshold": 11,
      "text": "<color=#B5021F>19</color>"
    },
    {
      "threshold": 10,
      "text": "<color=#B5021F>20</color>"
    },
    {
      "threshold": 9,
      "text": "<color=#B5021F>21</color>"
    },
    {
      "threshold": 8,
      "text": "<color=#B5021F>22</color>"
    },
    {
      "threshold": 7,
      "text": "<color=#B5021F>23</color>"
    },
    {
      "threshold": 6,
      "text": "<color=#B5021F>24</color>"
    },
    {
      "threshold": 5,
      "text": "<color=#B5021F>25</color>"
    },
    {
      "threshold": 4,
      "text": "<color=#B5021F>26</color>"
    },
    {
      "threshold": 3,
      "text": "<color=#B5021F>27</color>"
    },
    {
      "threshold": 2,
      "text": "<color=#B5021F>28</color>"
    },
    {
      "threshold": 1,
      "text": "<color=#B5021F>29</color>"
    },
    {
      "threshold": 0,
      "text": "<color=#B5021F>30</color>"
    }
  ],
  "chainHeadJudgments": [
    {
      "threshold": 85,
      "text": "",
      "color": [
        0.000,
        0.000,
        0.000,
        0.000
      ]
    },
    {
      "threshold": 84,
      "text": "1",
      "color": [
        1.000,
        0.000,
        0.000,
        1.000
      ]
    },
    {
      "threshold": 83,
      "text": "2",
      "color": [
        1.000,
        0.000,
        0.000,
        1.000
      ]
    },
    {
      "threshold": 82,
      "text": "3",
      "color": [
        1.000,
        0.000,
        0.000,
        1.000
      ]
    },
    {
      "threshold": 81,
      "text": "4",
      "color": [
        1.000,
        0.000,
        0.000,
        1.000
      ]
    },
    {
      "threshold": 80,
      "text": "5",
      "color": [
        1.000,
        0.000,
        0.000,
        1.000
      ]
    },
    {
      "threshold": 79,
      "text": "6",
      "color": [
        1.000,
        0.000,
        0.000,
        1.000
      ]
    },
    {
      "threshold": 78,
      "text": "7",
      "color": [
        1.000,
        0.000,
        0.000,
        1.000
      ]
    },
    {
      "threshold": 77,
      "text": "8",
      "color": [
        1.000,
        0.000,
        0.000,
        1.000
      ]
    },
    {
      "threshold": 76,
      "text": "9",
      "color": [
        1.000,
        0.000,
        0.000,
        1.000
      ]
    },
    {
      "threshold": 75,
      "text": "10",
      "color": [
        1.000,
        0.000,
        0.000,
        1.000
      ]
    },
    {
      "threshold": 74,
      "text": "11",
      "color": [
        1.000,
        0.000,
        0.000,
        1.000
      ]
    },
    {
      "threshold": 73,
      "text": "12",
      "color": [
        1.000,
        0.000,
        0.000,
        1.000
      ]
    },
    {
      "threshold": 72,
      "text": "13",
      "color": [
        1.000,
        0.000,
        0.000,
        1.000
      ]
    },
    {
      "threshold": 71,
      "text": "14",
      "color": [
        1.000,
        0.000,
        0.000,
        1.000
      ]
    },
    {
      "threshold": 70,
      "text": "15",
      "color": [
        1.000,
        0.000,
        0.000,
        1.000
      ]
    },
    {
      "threshold": 69,
      "text": "16",
      "color": [
        1.000,
        0.000,
        0.000,
        1.000
      ]
    },
    {
      "threshold": 68,
      "text": "17",
      "color": [
        1.000,
        0.000,
        0.000,
        1.000
      ]
    },
    {
      "threshold": 67,
      "text": "18",
      "color": [
        1.000,
        0.000,
        0.000,
        1.000
      ]
    },
    {
      "threshold": 66,
      "text": "19",
      "color": [
        1.000,
        0.000,
        0.000,
        1.000
      ]
    },
    {
      "threshold": 65,
      "text": "20",
      "color": [
        1.000,
        0.000,
        0.000,
        1.000
      ]
    },
    {
      "threshold": 64,
      "text": "21",
      "color": [
        1.000,
        0.647,
        0.000,
        1.000
      ]
    },
    {
      "threshold": 63,
      "text": "22",
      "color": [
        1.000,
        0.647,
        0.000,
        1.000
      ]
    },
    {
      "threshold": 62,
      "text": "23",
      "color": [
        1.000,
        0.647,
        0.000,
        1.000
      ]
    },
    {
      "threshold": 61,
      "text": "24",
      "color": [
        1.000,
        0.647,
        0.000,
        1.000
      ]
    },
    {
      "threshold": 60,
      "text": "25",
      "color": [
        1.000,
        0.647,
        0.000,
        1.000
      ]
    },
    {
      "threshold": 59,
      "text": "26",
      "color": [
        1.000,
        0.647,
        0.000,
        1.000
      ]
    },
    {
      "threshold": 58,
      "text": "27",
      "color": [
        1.000,
        0.647,
        0.000,
        1.000
      ]
    },
    {
      "threshold": 57,
      "text": "28",
      "color": [
        1.000,
        0.647,
        0.000,
        1.000
      ]
    },
    {
      "threshold": 56,
      "text": "29",
      "color": [
        1.000,
        0.647,
        0.000,
        1.000
      ]
    },
    {
      "threshold": 55,
      "text": "30",
      "color": [
        1.000,
        0.647,
        0.000,
        1.000
      ]
    },
    {
      "threshold": 54,
      "text": "31",
      "color": [
        1.000,
        0.647,
        0.000,
        1.000
      ]
    },
    {
      "threshold": 53,
      "text": "32",
      "color": [
        1.000,
        0.647,
        0.000,
        1.000
      ]
    },
    {
      "threshold": 52,
      "text": "33",
      "color": [
        1.000,
        0.647,
        0.000,
        1.000
      ]
    },
    {
      "threshold": 51,
      "text": "34",
      "color": [
        1.000,
        0.647,
        0.000,
        1.000
      ]
    },
    {
      "threshold": 50,
      "text": "35",
      "color": [
        1.000,
        0.647,
        0.000,
        1.000
      ]
    },
    {
      "threshold": 49,
      "text": "36",
      "color": [
        1.000,
        0.647,
        0.000,
        1.000
      ]
    },
    {
      "threshold": 48,
      "text": "37",
      "color": [
        1.000,
        0.647,
        0.000,
        1.000
      ]
    },
    {
      "threshold": 47,
      "text": "38",
      "color": [
        1.000,
        0.647,
        0.000,
        1.000
      ]
    },
    {
      "threshold": 46,
      "text": "39",
      "color": [
        1.000,
        0.647,
        0.000,
        1.000
      ]
    },
    {
      "threshold": 45,
      "text": "40",
      "color": [
        1.000,
        0.647,
        0.000,
        1.000
      ]
    },
    {
      "threshold": 44,
      "text": "41",
      "color": [
        1.000,
        0.647,
        0.000,
        1.000
      ]
    },
    {
      "threshold": 43,
      "text": "42",
      "color": [
        1.000,
        0.647,
        0.000,
        1.000
      ]
    },
    {
      "threshold": 42,
      "text": "43",
      "color": [
        1.000,
        0.647,
        0.000,
        1.000
      ]
    },
    {
      "threshold": 41,
      "text": "44",
      "color": [
        1.000,
        0.647,
        0.000,
        1.000
      ]
    },
    {
      "threshold": 40,
      "text": "45",
      "color": [
        1.000,
        0.647,
        0.000,
        1.000
      ]
    },
    {
      "threshold": 39,
      "text": "46",
      "color": [
        1.000,
        0.647,
        0.000,
        1.000
      ]
    },
    {
      "threshold": 38,
      "text": "47",
      "color": [
        1.000,
        0.647,
        0.000,
        1.000
      ]
    },
    {
      "threshold": 37,
      "text": "48",
      "color": [
        1.000,
        0.647,
        0.000,
        1.000
      ]
    },
    {
      "threshold": 36,
      "text": "49",
      "color": [
        1.000,
        0.647,
        0.000,
        1.000
      ]
    },
    {
      "threshold": 35,
      "text": "50",
      "color": [
        1.000,
        0.647,
        0.000,
        1.000
      ]
    },
    {
      "threshold": 34,
      "text": "51",
      "color": [
        1.000,
        0.647,
        0.000,
        1.000
      ]
    },
    {
      "threshold": 33,
      "text": "52",
      "color": [
        1.000,
        0.647,
        0.000,
        1.000
      ]
    },
    {
      "threshold": 32,
      "text": "53",
      "color": [
        1.000,
        0.647,
        0.000,
        1.000
      ]
    },
    {
      "threshold": 31,
      "text": "54",
      "color": [
        1.000,
        0.647,
        0.000,
        1.000
      ]
    },
    {
      "threshold": 30,
      "text": "55",
      "color": [
        1.000,
        0.647,
        0.000,
        1.000
      ]
    },
    {
      "threshold": 29,
      "text": "56",
      "color": [
        1.000,
        0.647,
        0.000,
        1.000
      ]
    },
    {
      "threshold": 28,
      "text": "57",
      "color": [
        1.000,
        0.647,
        0.000,
        1.000
      ]
    },
    {
      "threshold": 27,
      "text": "58",
      "color": [
        1.000,
        0.647,
        0.000,
        1.000
      ]
    },
    {
      "threshold": 26,
      "text": "59",
      "color": [
        1.000,
        0.647,
        0.000,
        1.000
      ]
    },
    {
      "threshold": 25,
      "text": "60",
      "color": [
        1.000,
        0.647,
        0.000,
        1.000
      ]
    },
    {
      "threshold": 24,
      "text": "61",
      "color": [
        1.000,
        0.647,
        0.000,
        1.000
      ]
    },
    {
      "threshold": 23,
      "text": "62",
      "color": [
        1.000,
        0.647,
        0.000,
        1.000
      ]
    },
    {
      "threshold": 22,
      "text": "63",
      "color": [
        1.000,
        0.647,
        0.000,
        1.000
      ]
    },
    {
      "threshold": 21,
      "text": "64",
      "color": [
        1.000,
        0.647,
        0.000,
        1.000
      ]
    },
    {
      "threshold": 20,
      "text": "65",
      "color": [
        1.000,
        0.647,
        0.000,
        1.000
      ]
    },
    {
      "threshold": 19,
      "text": "66",
      "color": [
        1.000,
        0.647,
        0.000,
        1.000
      ]
    },
    {
      "threshold": 18,
      "text": "67",
      "color": [
        1.000,
        0.647,
        0.000,
        1.000
      ]
    },
    {
      "threshold": 17,
      "text": "68",
      "color": [
        1.000,
        0.647,
        0.000,
        1.000
      ]
    },
    {
      "threshold": 16,
      "text": "69",
      "color": [
        1.000,
        0.647,
        0.000,
        1.000
      ]
    },
    {
      "threshold": 15,
      "text": "70",
      "color": [
        1.000,
        0.647,
        0.000,
        1.000
      ]
    },
    {
      "threshold": 14,
      "text": "71",
      "color": [
        1.000,
        0.647,
        0.000,
        1.000
      ]
    },
    {
      "threshold": 13,
      "text": "72",
      "color": [
        1.000,
        0.647,
        0.000,
        1.000
      ]
    },
    {
      "threshold": 12,
      "text": "73",
      "color": [
        1.000,
        0.647,
        0.000,
        1.000
      ]
    },
    {
      "threshold": 11,
      "text": "74",
      "color": [
        1.000,
        0.647,
        0.000,
        1.000
      ]
    },
    {
      "threshold": 10,
      "text": "75",
      "color": [
        1.000,
        0.647,
        0.000,
        1.000
      ]
    },
    {
      "threshold": 9,
      "text": "76",
      "color": [
        1.000,
        0.647,
        0.000,
        1.000
      ]
    },
    {
      "threshold": 8,
      "text": "77",
      "color": [
        1.000,
        0.647,
        0.000,
        1.000
      ]
    },
    {
      "threshold": 7,
      "text": "78",
      "color": [
        1.000,
        0.647,
        0.000,
        1.000
      ]
    },
    {
      "threshold": 6,
      "text": "79",
      "color": [
        1.000,
        0.647,
        0.000,
        1.000
      ]
    },
    {
      "threshold": 5,
      "text": "80",
      "color": [
        1.000,
        0.647,
        0.000,
        1.000
      ]
    },
    {
      "threshold": 4,
      "text": "81",
      "color": [
        1.000,
        0.647,
        0.000,
        1.000
      ]
    },
    {
      "threshold": 3,
      "text": "82",
      "color": [
        1.000,
        0.647,
        0.000,
        1.000
      ]
    },
    {
      "threshold": 2,
      "text": "83",
      "color": [
        1.000,
        0.647,
        0.000,
        1.000
      ]
    },
    {
      "threshold": 1,
      "text": "84",
      "color": [
        1.000,
        0.647,
        0.000,
        1.000
      ]
    },
    {
      "threshold": 0,
      "text": "85",
      "color": [
        1.000,
        0.647,
        0.000,
        1.000
      ]
    }
  ],
  "chainLinkDisplay": {
    "text": "%s",
    "color": [
      0,
      1,
      0,
      1
    ]
  }
}