{
  "majorVersion": 3,
  "minorVersion": 3,
  "patchVersion": 3,
  "isDefaultConfig": false,
  "displayMode": "format",
  "doIntermediateUpdates": true,
  "timeDependencyDecimalPrecision": 1,
  "timeDependencyDecimalOffset": 2,
  "judgments": [
    {
      "threshold": 115,
      "text": "<size=220%>%s</size>",
      "color": [
        1.0,
        1.0,
        1.0,
        1.0
      ],
      "fade": false
    },
    {
      "threshold": 114,
      "text": "<size=180%>%s</size>",
      "color": [
        1.0,
        1.0,
        1.0,
        1.0
      ],
      "fade": false
    },
    {
      "threshold": 112,
      "text": "<size=180%>%s</size>",
      "color": [
        0.0,
        255.0,
        255.0,
        0.0
      ],
      "fade": false
    },
    {
      "threshold": 110,
      "text": "<size=160%>%s</size>",
      "color": [
        0.0,
        1.0,
        0.0,
        0.0
      ],
      "fade": false
    },
    {
      "threshold": 105,
      "text": "<size=150%>%s</size>",
      "color": [
        1.0,
        0.0,
        1.0,
        0.0
      ],
      "fade": false
    },
    {
      "threshold": 101,
      "text": "<size=150%>%s</size>",
      "color": [
        0.0,
        0.0,
        255.0,
        0.0
      ],
      "fade": false
    },
    {
      "threshold": 90,
      "text": "<size=80%>%s</size>",
      "color": [
        1.0,
        0.980392158,
        0.0,
        1.0
      ],
      "fade": false
    },
    {
      "threshold": 80,
      "text": "<size=80%>%s</size>",
      "color": [
        1.0,
        0.6,
        0.0,
        1.0
      ],
      "fade": true
    },
    {
      "threshold": 60,
      "text": "<size=80%>%s</size>",
      "color": [
        1.0,
        0.0,
        0.0,
        1.0
      ],
      "fade": true
    },
    {
      "threshold": 0,
      "text": "<size=80%>%s</size>",
      "color": [
        0.5,
        0.0,
        0.0,
        1.0
      ],
      "fade": true
    }
  ],
  "beforeCutAngleJudgments": [
    {
      "threshold": 70,
      "text": ""
    },
    {
      "threshold": 0,
      "text": " "
    }
  ],
  "accuracyJudgments": [
    {
      "threshold": 15,
      "text": "  "
    },
    {
      "threshold": 0,
      "text": " "
    }
  ],
  "afterCutAngleJudgments": [
    {
      "threshold": 30,
      "text": "  "
    },
    {
      "threshold": 0,
      "text": " "
    }
  ]
}