{
  "majorVersion": 3,
  "minorVersion": 2,
  "patchVersion": 0,
  "isDefaultConfig": false,
  "displayMode": "format",
  "doIntermediateUpdates": true,
  "timeDependencyDecimalPrecision": 1,
  "timeDependencyDecimalOffset": 2,
  "judgments": [
    {
      "threshold": 115,
      "text": "<size=115%>%s</size>%n%n%B %C %A",
      "color": [
        1.0,
        1.0,
        1.0,
        1.0
      ],
      "fade": false
    },
    {
      "threshold": 113,
      "text": "<size=115%>%s</size>%n%n%B %C %A",
      "color": [
        0.5,
        0.0,
        0.85,
        1.0
      ],
      "fade": false
    },

    {
      "threshold": 110
      "text": "<size=115%>%s</size>%n%n%B %C %A",
      "color": [
        0.0,
        1.0,
        1.0,
        1.0
      ],
      "fade": false
    },
    {
      "threshold": 105,
      "text": "<size=115%>%s</size>%n%n%B %C %A",
      "color": [
        0.0,
        1.0,
        0.0,
        1.0
      ],
      "fade": false
    },
    {
      "threshold": 100,
      "text": "<size=115%>%s</size>%n%n%B %C %A",
      "color": [
        1.0,
        0.980392158,
        0.0,
        1.0
      ],
      "fade": false
    },
    {
      "threshold": 90
      "text": "<size=115%>%s</size>%n%n%B %C %A",
      "color": [
        1.0,
        0.4,
        0.0,
        1.0
      ],
      "fade": false
    },
    {
      "threshold": 50,
      "text":"<size=115%>%n👍🏿</size><size=115%>%n%T</size>",
      "color": [
        0.3,
        0.0,
        0.0,
        1.0
      ],
      "fade": false
    },
    {
      "threshold": 0,
      "text": "<size=115%>%nTHE J!!!!!!!!!!!!!</size><size=115%>%n%T</size>",
      "color": [
        0.1,
        0.0,
        0.0,
        1.0
      ],
      "fade": false
    }
  ],
  "beforeCutAngleJudgments": [
    {
      "threshold": 71,
      "text": ""
    },
    {
      "threshold": 70,
      "text": ""
    },
    {
      "threshold": 0,
      "text": ""
    }
  ],
  "accuracyJudgments": [
    {
      "threshold": 0,
      "text": " "
    }
  ],
  "afterCutAngleJudgments": [
    {
      "threshold": 31,
      "text": ""
    },
    {
      "threshold": 30,
      "text": " "
    },
    {
      "threshold": 0,
      "text": ""
    }
  ]
}