{
  "majorVersion": 3,
  "minorVersion": 2,
  "patchVersion": 1,
  "isDefaultConfig": false,
  "displayMode": "format",
  "doIntermediateUpdates": true,
  "timeDependencyDecimalPrecision": 0,
  "timeDependencyDecimalOffset": 0,
  "judgments": [
    {
      "threshold": 115,
      "text": "<size=160%>%c</size>%n%n%B %C %A",
      "color": [
        1.0,
        1.0,
        1.0,
        1.0
      ],
      "fade": false
    },
    {
      "threshold": 113,
      "text": "<size=160%>%c</size>%n%n%B %C %A",
      "color": [
        0.5,
        0.0,
        0.85,
        1.0
      ],
      "fade": false
    },
    {
      "threshold": 110,
      "text": "<size=160%>%c</size>%n%n%B %C %A",
      "color": [
        0.0,
        1.0,
        1.0,
        1.0
      ],
      "fade": false
    },
    {
      "threshold": 105,
      "text": "<size=160%>%c</size>%n%n%B %C %A",
      "color": [
        0.0,
        1.0,
        0.0,
        1.0
      ],
      "fade": false
    },
    {
      "threshold": 90,
      "text": "<size=160%>%c</size>%n%n%B %C %A",
      "color": [
        1.0,
        0.980392158,
        0.0,
        1.0
      ],
      "fade": false
     },
     {
      "threshold": 70,
      "text": "<size=160%>%c</size>%n%n%B %C %A",
      "color": [
        1.0,
        0.6,
        0.0,
        1.0
      ],
      "fade": false
    },
    {
      "threshold": 50,
      "text": "<size=160%>%c</size>%n%n%B %C %A",
      "color": [
        1.0,
        0.0,
        0.0,
        1.0
      ],
      "fade": false
    },
    {
      "threshold": 0,
      "text": "<size=160%>%c</size>%n%n%B %C %A",
      "color": [
        1.0,
        0.0,
        0.0,
        1.0
      ],
      "fade": false
    }
  ],
  "beforeCutAngleJudgments": [
    {
      "threshold": 68,
      "text": ""
    },
    {
      "threshold": 1,
      "text": "________________"
    },
    {
      "threshold": 0,
      "text": "WTF ELECTROWO"
    }
  ],
  "accuracyJudgments": [
    {
      "threshold": 15,
      "text": "+++++"
    },
    {
      "threshold": 1,
      "text": ""
    },
    {
      "threshold": 0,
      "text": "Pizza'ing?"
    }
  ],
  "afterCutAngleJudgments": [
    {
      "threshold": 30,
      "text": ""
    },
    {
      "threshold": 0,
      "text": "-------"
    }
  ]
}