{
  "doIntermediateUpdates": true,
  "majorVersion": 3,
  "minorVersion": 3,
  "patchVersion": 2,
  "isDefaultConfig": true,
  "displayMode": "format",
  "judgments": [
    {
      "threshold": 114,
      "text": "<size=80%>%B%A</size>%n%s",
      "color": [
        0.6,
        0,
        0.8,
        1.0
      ]
    },
    {
      "threshold": 111,
      "text": "<size=80%>%B%A</size>%n%s",
      "color": [
        0.2,
        0.6,
        1.0,
        1.0
      ]
    },
    {
      "threshold": 109,
      "text": "<size=80%>%B%A</size>%n%s",
      "color": [
        0.0,
        1.0,
        0.0,
        1.0
      ]
    },
    {
      "threshold": 105,
      "text": "<size=80%>%B%A</size>%n%s",
      "color": [
        1.0,
        0.9,
        0.0,
        1.0
      ],
    },
    {
      "threshold": 60,
      "text": "<size=80%>%B%A</size>%n%s",
      "color": [
        1.0,
        0.0,
        0.0,
        1.0
      ],
    },
    {
      "text": "<size=80%>%B%A</size>%n%s",
      "color": [
        1.0,
        0.0,
        0.0,
        1.0
      ],
    }
  ],
  "beforeCutAngleJudgments": [
    {
      "threshold": 70,
      "text": ""
    },
    {
      "text": "  "
    }
  ],
  "accuracyJudgments": [
    {
      "threshold": 15,
      "text": ""
    },
    {
      "text": "  "
    }
  ],
  "afterCutAngleJudgments": [
    {
      "threshold": 30,
      "text": ""
    },
    {
      "text": "  "
    }
  ]
}