{
  "majorVersion": 3,
  "minorVersion": 3,
  "patchVersion": 2,
  "isDefaultConfig": false,
  "displayMode": "format",
  "doIntermediateUpdates": true,
  "timeDependencyDecimalPrecision": 0,
  "timeDependencyDecimalOffset": 0,
  "judgments": [
    {
      "threshold": 115,
      "text": "<size=200%>%s</size>",
      "color": [
        1.0,
        1.0,
        1.0,
        1.0
      ],
      "fade": false
    },
    {
      "threshold": 114,
      "text": "<size=190%>%s</size>",
      "color": [
        0.9,
        0.9,
        0.9,
        1.0
      ],
      "fade": false
    },
    {
      "threshold": 113,
      "text": "<size=180%>%s</size>",
      "color": [
        0.6,
        0.6,
        0.6,
        1.0
      ],
      "fade": false
    },
    {
      "threshold": 110,
      "text": "<size=150%>%s</size>",
      "color": [
        0.8,
        0.5,
        0.5,
        1.0
      ],
      "fade": false
    },
    {
      "threshold": 100,
      "text": "<size=130%>%s</size>",
      "color": [
        1.0,
        0.4,
        0.4,
        0.6
      ],
      "fade": false
    },
    {
      "threshold": 1,
      "text": "<size=200%>%s</size>",
      "color": [
        0.8,
        0.2,
        0.2,
        1.0
      ],
      "fade": false
    }
  ],
  "beforeCutAngleJudgments": [
    {
      "threshold": 70,
      "text": ""
    },
    {
      "threshold": 0,
      "text": "<"
    }
  ],
  "accuracyJudgments": [
    {
      "threshold": 15,
      "text": ""
    },
    {
      "threshold": 0,
      "text": ""
    }
  ],
  "afterCutAngleJudgments": [
    {
      "threshold": 30,
      "text": ""
    },
    {
      "threshold": 0,
      "text": ">"
    }
  ]
}