{
  "displayMode": "format",
  "doIntermediateUpdates": true,
  "judgments": [
    {
      "threshold": 115,
      "text": "<size=600%>115</size>",
      "color": [
        1.0,
        1.0,
        1.0,
        1.0
      ] 
    },
    {
      "threshold": 113,
      "text": "<size=400%>%B%s%A</size>%n%n%C",
      "color": [
        0.5,
        0.0,
        1.0,
        1.0
      ]
    },
    {
      "threshold": 110,
      "text": "<size=300%>%B%s%A</size>%n%n%C",
      "color": [
        0.0,
        1.0,
        1.0,
        1.0
      ]
    },
    {
      "threshold": 107,
      "text": "<size=200%>%B%s%A</size>%n%n%C",
      "color": [
        0.0,
        1.0,
        0.0,
        1.0
      ]
    },
    {
      "threshold": 104,
      "text": "<size=175%>%B%s%A</size>%n%n%C",
      "color": [
        1.0,
        1.0,
        0.0,
        1.0
      ]
    },
    {
      "threshold": 101,
      "text": "<size=150%>%B%s%A</size>%n%n%C",
      "color": [
        1.0,
        0.4,
        0.0,
        1.0
      ]
    },
    {
      "threshold": 100,
      "text": "<size=400%>0</size>%n%n%C",
      "color": [
        1.0,
        0.0,
        0.0,
        1.0
      ]
    },
    {
      "text": "<size=150%>%B%s%A</size>%n%n%C",
      "color": [
        0.1,
        0.0,
        0.0,
        1.0
      ],
      "fade": true
    }
  ],
  "beforeCutAngleJudgments": [
    {
      "threshold": 70,
      "text": " "
    },
    {
      "text": "["
    }
  ],
  "accuracyJudgments": [
    {
      "threshold": 15,
      "text": "BRUH NOT FULLSWING 115"
    },
    {
      "text": " "
    }
  ],
  "afterCutAngleJudgments": [
    {
      "threshold": 30,
      "text": " "
    },
    {
      "text": "]"
    }
  ]
}