{
  "majorVersion": 3,
  "minorVersion": 2,
  "patchVersion": 1,
  "isDefaultConfig": false,
  "displayMode": "format",
  "doIntermediateUpdates": true,
  "timeDependencyDecimalPrecision": 0,
  "timeDependencyDecimalOffset": 0,
  "judgments": [
    {
      "threshold": 115,
      "text": "<size=300%>%s</size>%n%n%B %C %A",
      "color": [
        1.0,
        1.0,
        1.0,
        1.0
      ],
      "fade": false
    },
    {
      "threshold": 114,
      "text": "<size=250%>%s</size>%n%n%B %C %A",
      "color": [
        1.0,
        1.0,
        1.0,
        1.0
      ],
      "fade": false
    },
    {
      "threshold": 112,
      "text": "<size=250%>%s</size>%n%n%B %C %A",
      "color": [
        0.0,
        1.0,
        1.0,
        1.0
      ],
      "fade": false
    },
    {
      "threshold": 110,
      "text": "<size=250%>%s</size>%n%n%B %C %A",
      "color": [
        0.8941177,
        0.5803922,
        1.0,
        1.0
      ],
      "fade": false
    },
    {
      "threshold": 105,
      "text": "<size=200%>%s</size>%n%n%B %C %A",
      "color": [
        0.372549,
        0.4627451,
        0.9803922,
        1.0
      ],
      "fade": false
    },
    {
      "threshold": 101,
      "text": "<size=200%>%s</size>%n%n%B %C %A",
      "color": [
        0.6509804,
        1.0,
        0.7333333,
        1.0
      ],
      "fade": false
    },
    {
      "threshold": 100,
      "text": "<size=200%>%s</size>%n%n%B %C %A",
      "color": [
        1.0,
        0.9764706,
        0.6509804,
        1.0
      ],
      "fade": false
    },
    {
      "threshold": 0,
      "text": "<size=200%>%s</size>%n%n%B %C %A",
      "color": [
        1.0,
        0.3607843,
        0.454902,
        1.0
      ],
      "fade": false
    }
  ],
  "beforeCutAngleJudgments": [
    {
      "threshold": 71,
      "text": ""
    },
    {
      "threshold": 70,
      "text": " "
    },
    {
      "threshold": 0,
      "text": ""
    }
  ],
  "accuracyJudgments": [
    {
      "threshold": 0,
      "text": " "
    }
  ],
  "afterCutAngleJudgments": [
    {
      "threshold": 31,
      "text": ""
    },
    {
      "threshold": 30,
      "text": " "
    },
    {
      "threshold": 0,
      "text": ""
    }
  ]
}