{
  "majorVersion": 3,
  "minorVersion": 3,
  "patchVersion": 2,
  "isDefaultConfig": false,
  "displayMode": "format",
  "doIntermediateUpdates": true,
  "timeDependencyDecimalPrecision": 0,
  "timeDependencyDecimalOffset": 2,
  "judgments": [
    {
      "threshold": 114,
      "text": "<size=140%>%B%c%A</size><size=120%>%n%T</size>",
      "color": [
        1.0,
        1.0,
        1.0,
        1.0
      ],
      "fade": false
    },
    {
      "threshold": 112,
      "text": "<size=140%>%B%c%A</size><size=120%>%n%T</size>",
      "color": [
        1.0,
        0.0,
        1.0,
        1.0
      ],
      "fade": false
    },
    {
      "threshold": 109,
      "text": "<size=110%>%B%c%A</size><size=120%>%n%T</size>",
      "color": [
        0.0,
        1.0,
        1.0,
        1.0
      ],
      "fade": false
    },
    {
      "threshold": 107,
      "text": "<size=110%>%B%c%A</size><size=120%>%n%T</size>",
      "color": [
        0.0,
        1.0,
        0.0,
        1.0
      ],
      "fade": false
    },
    {
      "threshold": 100,
      "text": "<size=220%>%B%c%A</size><size=120%>%n%T</size>",
      "color": [
        1.0,
        1.0,
        0.0,
        1.0
      ],
      "fade": false
    },
    {
      "threshold": 0,
      "text": "<size=120%>%B%c%A</size><size=120%>%n%T</size>",
      "color": [
        1.0,
        0.0,
        0.0,
        1.0
      ],
      "fade": false
    }
  ],
  "beforeCutAngleJudgments": [
    {
      "threshold": 68,
      "text": ""
    },
    {
      "threshold": 0,
      "text": "__________"
    }
  ],
  "accuracyJudgments": [
    {
      "threshold": 15,
      "text": "+++++"
    },
    {
      "threshold": 0,
      "text": ""
    }
  ],
  "afterCutAngleJudgments": [
    {
      "threshold": 30,
      "text": ""
    },
    {
      "threshold": 0,
      "text": "-------"
    }
  ],
  "timeDependencyJudgments": [
    {
      "threshold": 0.31,
      "text": "<size=200%><color=#c80909>*</color></size>"
    },
    {
      "threshold": 0.06,
      "text": ""
    },
    {
      "threshold": 0.01,
      "text": "<size=200%><color=#ff00ff>*</color></size>"
    },
    {
      "threshold": 0.0,
      "text": "<size=200%><color=#ffffff>*</color></size>"
    }
  ]
}