{
  "majorVersion": 3,
  "minorVersion": 5,
  "patchVersion": 2,
  "isDefaultConfig": false,
  "displayMode": "format",
  "doIntermediateUpdates": false,
  "assumeMaxPostSwing": false,
  "timeDependencyDecimalPrecision": 0,
  "timeDependencyDecimalOffset": 0,
  "judgments": [
    {
      "threshold": 115,
      "text": "<size=250%>%B15%A</size>",
      "color": [
        1.0,
        1.0,
        1.0,
        1.0
      ],
      "fade": false
    },
    {
      "threshold": 114,
      "text": "<size=200%>%B14%A%n%C</size>",
      "color": [
        0.7,
        0.6,
        1.0,
        1.0
      ],
      "fade": false
    },
    {
      "threshold": 113,
      "text": "<size=200%>%B13%A%n%C</size>",
      "color": [
        0.3,
        0.0,
        1.0,
        1.0
      ],
      "fade": false
    },
    {
      "threshold": 112,
      "text": "<size=200%>%B12%A%n%C</size>",
      "color": [
        0.3,
        0.0,
        1.0,
        1.0
      ],
      "fade": false
    },
    {
      "threshold": 111,
      "text": "<size=175%>%B11%A%n%C</size>",
      "color": [
        0.0,
        1.0,
        1.0,
        1.0
      ],
      "fade": true
    },
    {
      "threshold": 110,
      "text": "<size=175%>%B10%A%n%C</size>",
      "color": [
        0.0,
        1.0,
        1.0,
        1.0
      ],
      "fade": false
    },
    {
      "threshold": 109,
      "text": "<size=150%>%B9%A%n%C</size>",
      "color": [
        0.0,
        1.0,
        0.0,
        1.0
      ],
      "fade": false
    },
    {
      "threshold": 108,
      "text": "<size=150%>%B8%A%n%C</size>",
      "color": [
        0.0,
        1.0,
        0.0,
        1.0
      ],
      "fade": false
    },
    {
      "threshold": 107,
      "text": "<size=150%>%B7%A%n%C</size>",
      "color": [
        0.0,
        1.0,
        0.0,
        1.0
      ],
      "fade": false
    },
    {
      "threshold": 106,
      "text": "<size=150%>%B6%A%n%C</size>",
      "color": [
        1.0,
        1.0,
        0.0,
        1.0
      ],
      "fade": false
    },
    {
      "threshold": 105,
      "text": "<size=150%>%B5%A%n%C</size>",
      "color": [
        1.0,
        1.0,
        0.0,
        1.0
      ],
      "fade": false
    },
    {
      "threshold": 101,
      "text": "<size=125%>%B%s%A%n%C</size>",
      "color": [
        1.0,
        0.5,
        0.0,
        1.0
      ],
      "fade": false
    },
    {
      "threshold": 100,
      "text": "<size=150%>%BBad%A%n%C</size>",
      "color": [
        1.0,
        0.0,
        0.0,
        1.0
      ],
      "fade": false
    },
    {
      "threshold": 0,
      "text": "<size=125%>%B%s%A%n%C</size>",
      "color": [
        0.5,
        0.0,
        0.5,
        1.0
      ],
      "fade": true
    }
  ],
  "beforeCutAngleJudgments": [
    {
      "threshold": 70,
      "text": ""
    },
    {
      "threshold": 0,
      "text": "~"
    }
  ],
  "accuracyJudgments": [
    {
      "threshold": 15,
      "text": "~"
    },
    {
      "threshold": 0,
      "text": ""
    }
  ],
  "afterCutAngleJudgments": [
    {
      "threshold": 30,
      "text": ""
    },
    {
      "threshold": 0,
      "text": "~"
    }
  ]
}