{
  "majorVersion": 3,
  "minorVersion": 3,
  "patchVersion": 3,
  "isDefaultConfig": false,
  "displayMode": "format",
  "doIntermediateUpdates": true,
  "timeDependencyDecimalPrecision": 0,
  "timeDependencyDecimalOffset": 0,
  "judgments": [
    {
      "threshold": 115,
      "text": "<size=195%>15</size> %n %B %A",
      "color": [
        1.0,
        1.0,
        1.0,
        1.0
      ],
      "fade": false
    },
    {
      "threshold": 114,
      "text": "<size=180%>14</size> %n %B %A",
      "color": [
        1.0,
        1.0,
        1.0,
        1.0
      ],
      "fade": false
    },
    {
      "threshold": 113,
      "text": "<size=160%>13</size> %n %B %A",
      "color": [
        2.55,
        0.0,
        1.66,
        1.0
      ],
      "fade": false
    },
    {
      "threshold": 112,
      "text": "<size=145%>12</size> %n %B %A",
      "color": [
        2.55,
        0.0,
        1.66,
        1.0
      ],
      "fade": false
    },
    {
      "threshold": 111,
      "text": "<size=135%>11</size> %n %B %A",
      "color": [
        0.0,
        2.51,
        2.55,
        1.0
      ],
      "fade": false
    },
    {
      "threshold": 110,
      "text": "<size=120%>10</size> %n %B %A",
      "color": [
        0.0,
        2.55,
        0.58,
        1.0
      ],
      "fade": false
    },
    {
      "threshold": 109,
      "text": "<size=110%>9</size> %n %B %A",
      "color": [
        0.0,
        2.55,
        0.58,
        1.0
      ],
      "fade": false
    },
    {
      "threshold": 108,
      "text": "<size=125%>8</size> %n %B %A",
      "color": [
        2.32,
        2.55,
        0.0,
        1.0
      ],
      "fade": false
    },
    {
      "threshold": 107,
      "text": "<size=140%>7</size> %n %B %A",
      "color": [
        2.32,
        1.0,
        0.0,
        1.0
      ],
      "fade": false
    },
    {
      "threshold": 106,
      "text": "<size=145%>6</size> %n %B %A",
      "color": [
        1.0,
        0.4,
        0.0,
        1.0
      ],
      "fade": false
    },
    {
      "threshold": 105,
      "text": "<size=150%>5</size> %n %B %A",
      "color": [
        1.0,
        0.2,
        0.0,
        1.0
      ],
      "fade": false
    },
    {
      "threshold": 104,
      "text": "<size=200%>4</size> %n %B %A",
      "color": [
        1.0,
        0.0,
        0.0,
        1.0
      ],
      "fade": true
    },
    {
      "threshold": 100,
      "text": "<size=200%>0</size>",
      "color": [
        1.0,
        0.0,
        0.0,
        1.0
      ],
      "fade": true
    },
    {
      "threshold": 50,
      "text": "<size=400%></size>",
      "color": [
        0.9,
        0.9,
        1.0,
        1.0
      ],
      "fade": true
    }
  ],
  "beforeCutAngleJudgments": [
    {
      "threshold": 70,
      "text": " "
    },
    {
      "threshold": 0,
      "text": " * "
    }
  ],
  "accuracyJudgments": [
    {
      "threshold": 15,
      "text": "++++"
    },
    {
      "threshold": 0,
      "text": "  "
    }
  ],
  "afterCutAngleJudgments": [
    {
      "threshold": 30,
      "text": " "
    },
    {
      "threshold": 0,
      "text": " * "
    }
  ]
}