{
  "majorVersion": 3,
  "minorVersion": 3,
  "patchVersion": 2,
  "isDefaultConfig": false,
  "displayMode": "format",
  "doIntermediateUpdates": true,
  "timeDependencyDecimalPrecision": 2,
  "timeDependencyDecimalOffset": 0,
  "judgments": [
    {
      "threshold": 115,
      "text": "<size=150%></color><#FF8080C0>P</color><#FFC080C0>e</color><#FFF080C0>r</color><#80FF80C0>f</color><#80FFFFC0>e</color><#8080FFC0>c</color><#FF80FFC0>t",
      "color": [
        1.0,
        1.0,
        1.0,
        0.8
      ],
      "fade": false
    },
    {
      "threshold": 113,
      "text": "<size=150%>%n%s%n%B %C %A</size>",
      "color": [
        1.0,
        0.0,
        0.5,
        0.8
      ],
      "fade": false
    },
    {
      "threshold": 110,
      "text": "<size=150%>%n%s%n%B %C %A</size>",
      "color": [
        0.0,
        0.5,
        1.0,
        0.8
      ],
      "fade": false
    },
    {
      "threshold": 107,
      "text": "<size=150%>%n%s%n%B %C %A</size>",
      "color": [
        0.1,
        1.0,
        0.1,
        0.8
      ],
      "fade": false
    },
    {
      "threshold": 104,
      "text": "<size=150%>%n%s%n%B %C %A</size>",
      "color": [
        0.8,
        0.8,
        0.0,
        0.8
      ],
      "fade": false
    },
    {
      "threshold": 0,
      "text": "<size=150%>%n%s%n%B %C %A</size>",
      "color": [
        1.0,
        0.0,
        0.0,
        0.8
      ],
      "fade": false
    },
  ],
  "beforeCutAngleJudgments": [
    {
      "threshold": 70,
      "text": "<size=100%></size>"
    },
    {
      "threshold": 0,
      "text": "<size=200%><#FF0000C0>x</color></size>"
    }
  ],
  "accuracyJudgments": [
    {
      "threshold": 15,
      "text": "<size=100%></size>"
    },
    {
      "threshold": 0,
      "text": " "
    }
  ],
  "afterCutAngleJudgments": [
    {
      "threshold": 30,
      "text": "<size=100%></size>"
    },
    {
      "threshold": 0,
      "text": "<size=200%><#FF0000C0>x</color></size>"
    }
  ],
  "timeDependencyJudgments": [
    {
      "threshold": 0.0,
      "text": "<size=100%></size>"
    }
  ]
}