{
  "majorVersion": 3,
  "minorVersion": 3,
  "patchVersion": 2,
  "isDefaultConfig": true,
  "displayMode": "format",
  "doIntermediateUpdates": true,
  "timeDependencyDecimalPrecision": 1,
  "timeDependencyDecimalOffset": 2,
  "judgments": [
    {
      "threshold": 115,
      "text": "<size=180%>🦊</size>%n<size=230%><color=#ff0000>%B%A</size></color>",
      "color": [
        1.0,
        1.0,
        1.0,
        1.0
      ],
      "fade": false
    },
    {
      "threshold": 113,
      "text": "<size=180%>%s</size>%n<size=230%><color=#ff0000>%B%A</size></color>",
      "color": [
        1.0,
        1.0,
        1.0,
        1.0
      ],
      "fade": false
    },
    {
      "threshold": 110,
      "text": "<size=180%>%s</size>%n<size=230%><color=#ff0000>%B%A</size></color>",
      "color": [
        0.45,
        0.45,
        1.0,
        1.0
      ],
      "fade": false
    },
    {
      "threshold": 103,
      "text": "<size=180%>%s</size>%n<size=230%><color=#ff0000>%B%A</size></color>",
      "color": [
        1.0,
        0.3,
        0.1,
        1.0
      ],
      "fade": false
    },
    {
      "threshold": 90,
      "text": "<color=#ff0000><size=180%>%s</size>%n<size=230%>%B%A</size></color>",
      "color": [
        1.0,
        0.0,
        0.0,
        1.0
      ],
      "fade": true
    },
    {
      "threshold": 0,
      "text": "<color=#ff0000><size=120%>%s%nFoxxo Died?</size>%n<size=230%>%B%A</size></color>",
      "color": [
        1.0,
        0.0,
        0.0,
        1.0
      ],
      "fade": true
    }
  ],
  "beforeCutAngleJudgments": [
    {
      "threshold": 70,
      "text": ""
    },
    {
      "threshold": 0,
      "text": "<"
    }
  ],
  "accuracyJudgments": [
    {
      "threshold": 15,
      "text": ""
    },
    {
      "threshold": 0,
      "text": " "
    }
  ],
  "afterCutAngleJudgments": [
    {
      "threshold": 30,
      "text": ""
    },
    {
      "threshold": 0,
      "text": ">"
    }
  ]
}