{
  "majorVersion": 3,
  "minorVersion": 3,
  "patchVersion": 2,
  "isDefaultConfig": true,
  "displayMode": "format",
  "doIntermediateUpdates": true,
  "timeDependencyDecimalPrecision": 1,
  "timeDependencyDecimalOffset": 2,
  "judgments": [
    {
      "threshold": 114,
      "text": "<size=140%>UwU%n%s</size>%n<size=230%><color=#ff0000>%B%A</size></color>",
      "color": [
        1.0,
        1.0,
        1.0,
        1.0
      ],
      "fade": false
    },
    {
      "threshold": 112,
      "text": "<size=140%>ACC%n%s</size>%n<size=230%><color=#ff0000>%B%A</size></color>",
      "color": [
        0.35,
        0.35,
        1.0,
        1.0
      ],
      "fade": false
    },
    {
      "threshold": 109,
      "text": "<size=140%>Okay%n%s</size>%n<size=230%><color=#ff0000>%B%A</size></color>",
      "color": [
        0.05,
        0.05,
        1.0,
        1.0
      ],
      "fade": false
    },
    {
      "threshold": 106,
      "text": "<size=140%>Nope%n%s</size>%n<size=230%><color=#ff0000>%B%A</size></color>",
      "color": [
        1.0,
        0.3,
        0.1,
        1.0
      ],
      "fade": false
    },
    {
      "threshold": 100,
      "text": "<size=140%>Smelly%n%s</size>%n<size=230%><color=#ff0000>%B%A</size></color>",
      "color": [
        1.0,
        0.5,
        0.1,
        1.0
      ],
      "fade": false
    },
    {
      "threshold": 0,
      "text": "<size=140%>Foxxo Died?%n%s</size>%n<size=230%><color=#ff0000>%B%A</size></color>",
      "color": [
        1.0,
        0.0,
        0.0,
        1.0
      ],
      "fade": true
    }
  ],
  "beforeCutAngleJudgments": [
    {
      "threshold": 70,
      "text": ""
    },
    {
      "threshold": 0,
      "text": "<"
    }
  ],
  "accuracyJudgments": [
    {
      "threshold": 15,
      "text": ""
    },
    {
      "threshold": 0,
      "text": " "
    }
  ],
  "afterCutAngleJudgments": [
    {
      "threshold": 30,
      "text": ""
    },
    {
      "threshold": 0,
      "text": ">"
    }
  ]
}