{
  "majorVersion": 3,
  "minorVersion": 2,
  "patchVersion": 0,
  "isDefaultConfig": false,
  "displayMode": "format",
  "doIntermediateUpdates": true,
  "timeDependencyDecimalPrecision": 0,
  "timeDependencyDecimalOffset": 0,
  "judgments": [
    {
      "threshold": 0,
      "text": "<size=200%><sup>%B</sup>%C<sup>%A</sup></size>",
      "color": [
        1.0,
        1.0,
        1.0,
        0.1
      ],
      "fade": false
    }
  ],
  "beforeCutAngleJudgments": [
    {
      "threshold": 70,
      "text": ""
    },
    {
      "threshold": 69,
      "text": "<color=#B400FF><u>69</u></color>"
    },
    {
      "threshold": 68,
      "text": "<color=#B400FF><u>68</u></color>"
    },
    {
      "threshold": 67,
      "text": "<color=#B400FF><u>67</u></color>"
    },
    {
      "threshold": 66,
      "text": "<color=#B400FF><u>66</u></color>"
    },
    {
      "threshold": 65,
      "text": "<color=#B400FF><u>65</u></color>"
    },
    {
      "threshold": 64,
      "text": "<color=#B400FF><u>64</u></color>"
    },
    {
      "threshold": 63,
      "text": "<color=#B400FF><u>63</u></color>"
    },
    {
      "threshold": 62,
      "text": "<color=#B400FF><u>62</u></color>"
    },
    {
      "threshold": 61,
      "text": "<color=#B400FF><u>61</u></color>"
    },
    {
      "threshold": 60,
      "text": "<color=#B400FF><u>60</u></color>"
    },
    {
      "threshold": 59,
      "text": "<color=#B400FF><u>59</u></color>"
    },
    {
      "threshold": 58,
      "text": "<color=#B400FF><u>58</u></color>"
    },
    {
      "threshold": 57,
      "text": "<color=#B400FF><u>57</u></color>"
    },
    {
      "threshold": 56,
      "text": "<color=#B400FF><u>56</u></color>"
    },
    {
      "threshold": 55,
      "text": "<color=#B400FF><u>55</u></color>"
    },
    {
      "threshold": 54,
      "text": "<color=#B400FF><u>54</u></color>"
    },
    {
      "threshold": 53,
      "text": "<color=#B400FF><u>53</u></color>"
    },
    {
      "threshold": 52,
      "text": "<color=#B400FF><u>52</u></color>"
    },
    {
      "threshold": 51,
      "text": "<color=#B400FF><u>51</u></color>"
    },
    {
      "threshold": 50,
      "text": "<color=#B400FF><u>50</u></color>"
    },
    {
      "threshold": 49,
      "text": "<color=#B400FF><u>49</u></color>"
    },
    {
      "threshold": 48,
      "text": "<color=#B400FF><u>48</u></color>"
    },
    {
      "threshold": 47,
      "text": "<color=#B400FF><u>47</u></color>"
    },
    {
      "threshold": 46,
      "text": "<color=#B400FF><u>46</u></color>"
    },
    {
      "threshold": 45,
      "text": "<color=#B400FF><u>45</u></color>"
    },
    {
      "threshold": 44,
      "text": "<color=#B400FF><u>44</u></color>"
    },
    {
      "threshold": 43,
      "text": "<color=#B400FF><u>43</u></color>"
    },
    {
      "threshold": 42,
      "text": "<color=#B400FF><u>42</u></color>"
    },
    {
      "threshold": 41,
      "text": "<color=#B400FF><u>41</u></color>"
    },
    {
      "threshold": 40,
      "text": "<color=#B400FF><u>40</u></color>"
    },
    {
      "threshold": 39,
      "text": "<color=#B400FF><u>39</u></color>"
    },
    {
      "threshold": 38,
      "text": "<color=#B400FF><u>38</u></color>"
    },
    {
      "threshold": 37,
      "text": "<color=#B400FF><u>37</u></color>"
    },
    {
      "threshold": 36,
      "text": "<color=#B400FF><u>36</u></color>"
    },
    {
      "threshold": 35,
      "text": "<color=#B400FF><u>35</u></color>"
    },
    {
      "threshold": 34,
      "text": "<color=#B400FF><u>34</u></color>"
    },
    {
      "threshold": 33,
      "text": "<color=#B400FF><u>33</u></color>"
    },
    {
      "threshold": 32,
      "text": "<color=#B400FF><u>32</u></color>"
    },
    {
      "threshold": 31,
      "text": "<color=#B400FF><u>31</u></color>"
    },
    {
      "threshold": 30,
      "text": "<color=#B400FF><u>30</u></color>"
    },
    {
      "threshold": 29,
      "text": "<color=#B400FF><u>29</u></color>"
    },
    {
      "threshold": 28,
      "text": "<color=#B400FF><u>28</u></color>"
    },
    {
      "threshold": 27,
      "text": "<color=#B400FF><u>27</u></color>"
    },
    {
      "threshold": 26,
      "text": "<color=#B400FF><u>26</u></color>"
    },
    {
      "threshold": 25,
      "text": "<color=#B400FF><u>25</u></color>"
    },
    {
      "threshold": 24,
      "text": "<color=#B400FF><u>24</u></color>"
    },
    {
      "threshold": 23,
      "text": "<color=#B400FF><u>23</u></color>"
    },
    {
      "threshold": 22,
      "text": "<color=#B400FF><u>22</u></color>"
    },
    {
      "threshold": 21,
      "text": "<color=#B400FF><u>21</u></color>"
    },
    {
      "threshold": 20,
      "text": "<color=#B400FF><u>20</u></color>"
    },
    {
      "threshold": 19,
      "text": "<color=#B400FF><u>19</u></color>"
    },
    {
      "threshold": 18,
      "text": "<color=#B400FF><u>18</u></color>"
    },
    {
      "threshold": 17,
      "text": "<color=#B400FF><u>17</u></color>"
    },
    {
      "threshold": 16,
      "text": "<color=#B400FF><u>16</u></color>"
    },
    {
      "threshold": 15,
      "text": "<color=#B400FF><u>15</u></color>"
    },
    {
      "threshold": 14,
      "text": "<color=#B400FF><u>14</u></color>"
    },
    {
      "threshold": 13,
      "text": "<color=#B400FF><u>13</u></color>"
    },
    {
      "threshold": 12,
      "text": "<color=#B400FF><u>12</u></color>"
    },
    {
      "threshold": 11,
      "text": "<color=#B400FF><u>11</u></color>"
    },
    {
      "threshold": 10,
      "text": "<color=#B400FF><u>10</u></color>"
    },
    {
      "threshold": 9,
      "text": "<color=#B400FF><u>9</u></color>"
    },
    {
      "threshold": 8,
      "text": "<color=#B400FF><u>8</u></color>"
    },
    {
      "threshold": 7,
      "text": "<color=#B400FF><u>7</u></color>"
    },
    {
      "threshold": 6,
      "text": "<color=#B400FF><u>6</u></color>"
    },
    {
      "threshold": 5,
      "text": "<color=#B400FF><u>5</u></color>"
    },
    {
      "threshold": 4,
      "text": "<color=#B400FF><u>4</u></color>"
    },
    {
      "threshold": 3,
      "text": "<color=#B400FF><u>3</u></color>"
    },
    {
      "threshold": 2,
      "text": "<color=#B400FF><u>2</u></color>"
    },
    {
      "threshold": 1,
      "text": "<color=#B400FF><u>1</u></color>"
    },
    {
      "threshold": 0,
      "text": "<color=#B400FF><u>0</u></color>"
    }
  ],
  "accuracyJudgments": [
    {
      "threshold": 15,
      "text": "<color=#00FFFF>15</color>"
    },
    {
      "threshold": 14,
      "text": "<color=#FFFFFF>14</color>"
    },
    {
      "threshold": 13,
      "text": "<color=#FFFFFF>13</color>"
    },
    {
      "threshold": 12,
      "text": "<color=#00FF00>12</color>"
    },
    {
      "threshold": 11,
      "text": "<color=#00FF00>11</color>"
    },
    {
      "threshold": 10,
      "text": "<color=#00FF00>10</color>"
    },
    {
      "threshold": 9,
      "text": "<color=#FFFF00>9</color>"
    },
    {
      "threshold": 8,
      "text": "<color=#FFFF00>8</color>"
    },
    {
      "threshold": 7,
      "text": "<color=#FFFF00>7</color>"
    },
    {
      "threshold": 6,
      "text": "<color=#FFFF00>6</color>"
    },
    {
      "threshold": 5,
      "text": "<color=#FFFF00>5</color>"
    },
    {
      "threshold": 4,
      "text": "<color=#FF0000>4</color>"
    },
    {
      "threshold": 3,
      "text": "<color=#FF0000>3</color>"
    },
    {
      "threshold": 2,
      "text": "<color=#FF0000>2</color>"
    },
    {
      "threshold": 1,
      "text": "<color=#FF0000>1</color>"
    },
    {
      "threshold": 0,
      "text": "<color=#FF0000><u>0</u></color>"
    }
  ],
  "afterCutAngleJudgments": [
    {
      "threshold": 30,
      "text": ""
    },
    {
      "threshold": 29,
      "text": "<color=#B400FF><u>29</u></color>"
    },
    {
      "threshold": 28,
      "text": "<color=#B400FF><u>28</u></color>"
    },
    {
      "threshold": 27,
      "text": "<color=#B400FF><u>27</u></color>"
    },
    {
      "threshold": 26,
      "text": "<color=#B400FF><u>26</u></color>"
    },
    {
      "threshold": 25,
      "text": "<color=#B400FF><u>25</u></color>"
    },
    {
      "threshold": 24,
      "text": "<color=#B400FF><u>24</u></color>"
    },
    {
      "threshold": 23,
      "text": "<color=#B400FF><u>23</u></color>"
    },
    {
      "threshold": 22,
      "text": "<color=#B400FF><u>22</u></color>"
    },
    {
      "threshold": 21,
      "text": "<color=#B400FF><u>21</u></color>"
    },
    {
      "threshold": 20,
      "text": "<color=#B400FF><u>20</u></color>"
    },
    {
      "threshold": 19,
      "text": "<color=#B400FF><u>19</u></color>"
    },
    {
      "threshold": 18,
      "text": "<color=#B400FF><u>18</u></color>"
    },
    {
      "threshold": 17,
      "text": "<color=#B400FF><u>17</u></color>"
    },
    {
      "threshold": 16,
      "text": "<color=#B400FF><u>16</u></color>"
    },
    {
      "threshold": 15,
      "text": "<color=#B400FF><u>15</u></color>"
    },
    {
      "threshold": 14,
      "text": "<color=#B400FF><u>14</u></color>"
    },
    {
      "threshold": 13,
      "text": "<color=#B400FF><u>13</u></color>"
    },
    {
      "threshold": 12,
      "text": "<color=#B400FF><u>12</u></color>"
    },
    {
      "threshold": 11,
      "text": "<color=#B400FF><u>11</u></color>"
    },
    {
      "threshold": 10,
      "text": "<color=#B400FF><u>10</u></color>"
    },
    {
      "threshold": 9,
      "text": "<color=#B400FF><u>9</u></color>"
    },
    {
      "threshold": 8,
      "text": "<color=#B400FF><u>8</u></color>"
    },
    {
      "threshold": 7,
      "text": "<color=#B400FF><u>7</u></color>"
    },
    {
      "threshold": 6,
      "text": "<color=#B400FF><u>6</u></color>"
    },
    {
      "threshold": 5,
      "text": "<color=#B400FF><u>5</u></color>"
    },
    {
      "threshold": 4,
      "text": "<color=#B400FF><u>4</u></color>"
    },
    {
      "threshold": 3,
      "text": "<color=#B400FF><u>3</u></color>"
    },
    {
      "threshold": 2,
      "text": "<color=#B400FF><u>2</u></color>"
    },
    {
      "threshold": 1,
      "text": "<color=#B400FF><u>1</u></color>"
    },
    {
      "threshold": 0,
      "text": "<color=#B400FF><u>0</u></color>"
    }
  ]
}