{
  "majorVersion": 3,
  "minorVersion": 3,
  "patchVersion": 2,
  "isDefaultConfig": false,
  "displayMode": "format",
  "doIntermediateUpdates": true,
  "timeDependencyDecimalPrecision": 0,
  "timeDependencyDecimalOffset": 0,
  "judgments": [
    {
      "threshold": 114,
      "text": "<size=200%>%s</size>%n%n%B %C %A",
      "color": [
        1.0,
        1.0,
        1.0,
        1.0
      ],
      "fade": false
    },
    {
      "threshold": 110,
      "text": "<size=200%>%s</size>%n%n%B %C %A",
      "color": [
        0.0,
        1.0,
        1.0,
        1.0
      ],
      "fade": false
    },
    {
      "threshold": 105,
      "text": "<size=200%>%s</size>%n%n%B %C %A",
      "color": [
        0.0,
        0.0,
        1.0,
        1.0
      ],
      "fade": false
    },
    {
      "threshold": 101,
      "text": "<size=200%>%s</size>%n%n%B %C %A",
      "color": [
        0.0,
        1.0,
        0.0,
        1.0
      ],
      "fade": false
    },
    {
      "threshold": 100,
      "text": "<size=200%>%s</size>%n%n%B %C %A",
      "color": [
        1.0,
        1.0,
        0.0,
        1.0
      ],
      "fade": false
    },
    {
      "threshold": 0,
      "text": "<size=200%>%s</size>%n%n%B %C %A",
      "color": [
        1.0,
        0.0,
        0.0,
        1.0
      ],
      "fade": false
    }
  ],
  "beforeCutAngleJudgments": [
    {
      "threshold": 70,
      "text": "+"
    },
    {
      "threshold": 35,
      "text": "  "
    },
    {
      "threshold": 0,
      "text": "-"
    }
  ],
  "accuracyJudgments": [
    {
      "threshold": 15,
      "text": "+"
    },
    {
      "threshold": 5,
      "text": "  "
    },
    {
      "threshold": 0,
      "text": "-"
    }
  ],
  "afterCutAngleJudgments": [
    {
      "threshold": 30,
      "text": "+"
    },
    {
      "threshold": 15,
      "text": "  "
    },
    {
      "threshold": 0,
      "text": "-"
    }
  ]
}