{
  "majorVersion": 3,
  "minorVersion": 3,
  "patchVersion": 3,
  "isDefaultConfig": true,
  "displayMode": "format",
  "doIntermediateUpdates": true,
  "judgments": [
    {
      "threshold": 115,
      "text": "<size=600%>%s%n%C</size>%n",
      "color": [
        5.0,
        5.0,
        5.0,
        1000
      ]
    },
    {
      "threshold": 114,
      "text": "<size=300%>114</size>%n",
      "color": [
        0.0,
        5.0,
        5.0,
        0.5
      ]
    },
    {
      "threshold": 113,
      "text": "<size=275%>%s%n%C</size>",
      "color": [
        0.0,
        5.0,
        5.0,
        3.0
      ]
    },
    {
      "threshold": 110,
      "text": "<size=250%>%s%n%C</size>",
      "color": [
        5.0,
        0.0,
        5.0,
        3.0
      ]
    },
    {
      "threshold": 109,
      "text": "<size=200%>%s%n%C</size>",
      "color": [
        0.0,
        0.0,
        1.0,
        3.0
      ]
    },
    {
      "threshold": 105,
      "text": "<size=200%>%s%n%C</size>",
      "color": [
        1.0,
        1.0,
        0.0,
        3.0
      ],
      "fade": true
    },
    {
      "threshold": 101,
      "text": "<size=175%>%s%n%C</size>",
      "color": [
        1.0,
        0.0,
        0.0,
        3.0
      ],
      "fade": true
    },
    {
      "threshold": 100,
      "text": "<size=300%>0</size>",
      "color": [
        3.0,
        0.0,
        0.0,
        3.0
      ],
      "fade": true
    },
    {
      "threshold": 50,
      "text": "<size=200%>%s%n%C</size>",
      "color": [
        2.0,
        0.0,
        0.0,
        3.0
      ],
      "fade": true
    },
    {
      "text": "<size=200%>%s</size>%n%C",
      "color": [
        0.5,
        0.0,
        0.0,
        3.0
      ],
      "fade": true
    }
  ],
  "beforeCutAngleJudgments": [
    {
      "threshold": 70,
      "text": ""
    },
    {
      "text": "  "
    }
  ],
  "accuracyJudgments": [
    {
      "threshold": 15,
      "text": ""
    },
    {
      "text": "  "
    }
  ],
  "afterCutAngleJudgments": [
    {
      "threshold": 30,
      "text": ""
    },
    {
      "text": "  "
    }
  ]
}