{
  "majorVersion": 3,
  "minorVersion": 5,
  "patchVersion": 0,
  "isDefaultConfig": true,
  "displayMode": "format",
  "doIntermediateUpdates": true,
  "assumeMaxPostSwing": false,
  "timeDependencyDecimalPrecision": 1,
  "timeDependencyDecimalOffset": 2,
  "judgments": [
    {
      "threshold": 115,
      "text": "%BFantastic%A%n%s",
      "color": [
        1.0,
        1.0,
        1.0,
        1.0
      ],
      "fade": false
    },
    {
      "threshold": 101,
      "text": "<size=80%>%BExcellent%A</size>%n%s",
      "color": [
        0.0,
        1.0,
        0.0,
        1.0
      ],
      "fade": false
    },
    {
      "threshold": 90,
      "text": "<size=80%>%BGreat%A</size>%n%s",
      "color": [
        1.0,
        0.980392158,
        0.0,
        1.0
      ],
      "fade": false
    },
    {
      "threshold": 80,
      "text": "<size=80%>%BGood%A</size>%n%s",
      "color": [
        1.0,
        0.6,
        0.0,
        1.0
      ],
      "fade": true
    },
    {
      "threshold": 60,
      "text": "<size=80%>%BDecent%A</size>%n%s",
      "color": [
        1.0,
        0.0,
        0.0,
        1.0
      ],
      "fade": true
    },
    {
      "threshold": 0,
      "text": "<size=80%>%BWay Off%A</size>%n%s",
      "color": [
        0.5,
        0.0,
        0.0,
        1.0
      ],
      "fade": true
    }
  ],
  "chainHeadJudgments": [
    {
      "threshold": 115,
      "text": "%BFantastic%n%s",
      "color": [
        1.0,
        1.0,
        1.0,
        1.0
      ],
      "fade": false
    },
    {
      "threshold": 101,
      "text": "<size=80%>%BExcellent</size>%n%s",
      "color": [
        0.0,
        1.0,
        0.0,
        1.0
      ],
      "fade": false
    },
    {
      "threshold": 90,
      "text": "<size=80%>%BGreat</size>%n%s",
      "color": [
        1.0,
        0.980392158,
        0.0,
        1.0
      ],
      "fade": false
    },
    {
      "threshold": 80,
      "text": "<size=80%>%BGood</size>%n%s",
      "color": [
        1.0,
        0.6,
        0.0,
        1.0
      ],
      "fade": true
    },
    {
      "threshold": 60,
      "text": "<size=80%>%BDecent</size>%n%s",
      "color": [
        1.0,
        0.0,
        0.0,
        1.0
      ],
      "fade": true
    },
    {
      "threshold": 0,
      "text": "<size=80%>%BWay Off</size>%n%s",
      "color": [
        0.5,
        0.0,
        0.0,
        1.0
      ],
      "fade": true
    }
  ],
  "beforeCutAngleJudgments": [
    {
      "threshold": 70,
      "text": " + "
    },
    {
      "threshold": 0,
      "text": " "
    }
  ],
  "accuracyJudgments": [
    {
      "threshold": 15,
      "text": " + "
    },
    {
      "threshold": 0,
      "text": " "
    }
  ],
  "afterCutAngleJudgments": [
    {
      "threshold": 30,
      "text": " + "
    },
    {
      "threshold": 0,
      "text": " "
    }
  ]
}