{
  "majorVersion": 3,
  "minorVersion": 3,
  "patchVersion": 3,
  "isDefaultConfig": false,
  "displayMode": "format",
  "doIntermediateUpdates": true,
  "timeDependencyDecimalPrecision": 0,
  "timeDependencyDecimalOffset": 0,
  "judgments": [
    {
      "threshold": 115,
      "text": "<size=170%>15</size>",
      "color": [
        1.0,
        1.0,
        1.0,
        1.0
      ],
      "fade": false
    },
    {
      "threshold": 114,
      "text": "<size=170%>14</size>",
      "color": [0.02, 0.63, 0.96, 1.0],
      "fade": false
    },
    {
      "threshold": 113,
      "text": "<size=170%>13</size>",
      "color": [0.02, 0.63, 0.96, 1.0],
      "fade": false
    },
    {
      "threshold": 112,
      "text": "<size=150%>12</size>",
      "color": [0.02, 0.63, 0.96, 1.0],
      "fade": false
    },
    {
      "threshold": 111,
      "text": "<size=150%>11</size>",
      "color": [0.02, 0.63, 0.96, 1.0],
      "fade": false
    },
    {
      "threshold": 110,
      "text": "<size=150%>10</size>",
      "color": [0.02, 0.63, 0.96, 1.0],
      "fade": false
    },
    {
      "threshold": 109,
      "text": "<size=150%>9</size>",
      "color": [0.91, 0.96, 0.02, 1.0],
      "fade": false
    },
    {
      "threshold": 108,
      "text": "<size=150%>8</size>",
      "color": [0.91, 0.96, 0.02, 1.0],
      "fade": false
    },
    {
      "threshold": 107,
      "text": "<size=150%>7</size>",
      "color": [0.91, 0.96, 0.02, 1.0],
      "fade": false
    },
    {
      "threshold": 106,
      "text": "<size=150%>6</size>",
      "color": [0.91, 0.96, 0.02, 1.0],
      "fade": false
    },
    {
      "threshold": 105,
      "text": "<size=150%>5</size>",
      "color": [0.96, 0.28, 0.02, 1.0],
      "fade": false
    },
    {
      "threshold": 104,
      "text": "<size=150%>4</size>",
      "color": [0.96, 0.28, 0.02, 1.0],
      "fade": false
    },
    {
      "threshold": 103,
      "text": "<size=150%>3</size>",
      "color": [0.96, 0.28, 0.02, 1.0],
      "fade": false
    },
    {
      "threshold": 102,
      "text": "<size=150%>2</size>",
      "color": [1.0, 0.0, 0.129, 1.0],
      "fade": false
    },
    {
      "threshold": 101,
      "text": "<size=150%>1</size>",
      "color": [1.0, 0.0, 0.062, 1.0],
      "fade": false
    },
    {
      "threshold": 100,
      "text": "<size=150%>0</size>",
      "color": [1.0, 0.0, 0.0, 1.0],
      "fade": false
    }
  ],
  "beforeCutAngleJudgments": [
    {
      "threshold": 70,
      "text": "+"
    },
    {
      "threshold": 0,
      "text": "  "
    }
  ],
  "accuracyJudgments": [
    {
      "threshold": 15,
      "text": "+"
    },
    {
      "threshold": 0,
      "text": "  "
    }
  ],
  "afterCutAngleJudgments": [
    {
      "threshold": 30,
      "text": "+"
    },
    {
      "threshold": 0,
      "text": "  "
    }
  ],
  "chainHeadJudgments": [
    {
      "threshold": 85,
      "text": "<size=170%>15</size>",
      "color": [
        1.0,
        1.0,
        1.0,
        1.0
      ],
      "fade": false
    },
    {
      "threshold": 84,
      "text": "<size=170%>14</size>",
      "color": [0.02, 0.63, 0.96, 1.0],
      "fade": false
    },
    {
      "threshold": 83,
      "text": "<size=170%>13</size>",
      "color": [0.02, 0.63, 0.96, 1.0],
      "fade": false
    },
    {
      "threshold": 82,
      "text": "<size=150%>12</size>",
      "color": [0.02, 0.63, 0.96, 1.0],
      "fade": false
    },
    {
      "threshold": 81,
      "text": "<size=150%>11</size>",
      "color": [0.02, 0.63, 0.96, 1.0],
      "fade": false
    },
    {
      "threshold": 80,
      "text": "<size=150%>10</size>",
      "color": [0.02, 0.63, 0.96, 1.0],
      "fade": false
    },
    {
      "threshold": 79,
      "text": "<size=150%>9</size>",
      "color": [0.91, 0.96, 0.02, 1.0],
      "fade": false
    },
    {
      "threshold": 78,
      "text": "<size=150%>8</size>",
      "color": [0.91, 0.96, 0.02, 1.0],
      "fade": false
    },
    {
      "threshold": 77,
      "text": "<size=150%>7</size>",
      "color": [0.91, 0.96, 0.02, 1.0],
      "fade": false
    },
    {
      "threshold": 76,
      "text": "<size=150%>6</size>",
      "color": [0.91, 0.96, 0.02, 1.0],
      "fade": false
    },
    {
      "threshold": 75,
      "text": "<size=150%>5</size>",
      "color": [0.96, 0.28, 0.02, 1.0],
      "fade": false
    },
    {
      "threshold": 74,
      "text": "<size=150%>4</size>",
      "color": [0.96, 0.28, 0.02, 1.0],
      "fade": false
    },
    {
      "threshold": 73,
      "text": "<size=150%>3</size>",
      "color": [0.96, 0.28, 0.02, 1.0],
      "fade": false
    },
    {
      "threshold": 72,
      "text": "<size=150%>2</size>",
      "color": [1.0, 0.0, 0.129, 1.0],
      "fade": false
    },
    {
      "threshold": 71,
      "text": "<size=150%>1</size>",
      "color": [1.0, 0.0, 0.062, 1.0],
      "fade": false
    },
    {
      "threshold": 70,
      "text": "<size=150%>0</size>",
      "color": [1.0, 0.0, 0.0, 1.0],
      "fade": false
    }
  ],
  "chainLinkDisplay": {
    "text": "<size=150%>20</size>",
    "color": [
      1.0,
      1.0,
      1.0,
      1.0
    ]
  }
}