{
  "majorVersion": 3,
  "minorVersion": 3,
  "patchVersion": 2,
  "isDefaultConfig": true,
  "displayMode": "format",
  "doIntermediateUpdates": true,
  "timeDependencyDecimalPrecision": 1,
  "timeDependencyDecimalOffset": 2,
  "judgments": [
    {
      "threshold": 0,
      "text": "<size=200%>%15%</size>",
      "color": [
        0.5,
        0.0,
        0.0,
        1.0
      ],
      "fade": true
    }
  ],
  "beforeCutAngleJudgments": [
    {
      "threshold": 70,
      "text": " "
    },
    {
      "threshold": 0,
      "text": " "
    }
  ],
  "accuracyJudgments": [
    {
      "threshold": 15,
      "text": "   "
    },
    {
      "threshold": 0,
      "text": " "
    }
  ],
  "afterCutAngleJudgments": [
    {
      "threshold": 30,
      "text": "   "
    },
    {
      "threshold": 0,
      "text": " "
    }
  ]
}
