{
  "majorVersion": 3,
  "minorVersion": 2,
  "patchVersion": 0,
  "isDefaultConfig": false,
  "displayMode": "format",
  "doIntermediateUpdates": true,
  "timeDependencyDecimalPrecision": 0,
  "timeDependencyDecimalOffset": 2,
  "judgments": [
    {
      "threshold": 0,
      "text": "<size=100%>%C%n</size><size=80%>%n%B <color=#FFFFFF>  </color> %A</size>",
      "color": [
        1.0,
        1.0,
        3.0,
        1.5
      ],
      "fade": false
    }
  ],
  "beforeCutAngleJudgments": [
    {
      "threshold": 71,
      "text": "<size=110%><color=#FF69B4>????</color></size>"
    },
    {
      "threshold": 70,
      "text": " "
    },
    {
      "threshold": 0,
      "text": "<size=100%><color=#FF69B4>PRE</color></size>"
    }
  ],
  "accuracyJudgments": [
    {
      "threshold": 15,
      "text": "<size=200%><color=#FF96F5>15</color></size>"
    },
    {
      "threshold": 14,
      "text": "<size=180%><color=#FF96F5>14</color></size>"
    },
    {
      "threshold": 13,
      "text": "<size=170%><color=#1fbdf2>13</color></size>"
    },
    {
      "threshold": 12,
      "text": "<size=160%><color=#1fbdf2>12</color></size>"
    },
    {
      "threshold": 11,
      "text": "<size=150%><color=#2ce63b>11</color></size>"
    },
    {
      "threshold": 10,
      "text": "<size=140%><color=#2ce63b>10</color></size>"
    },
    {
      "threshold": 9,
      "text": "<size=120%><color=#ffd103>09</color></size>"
    },
    {
      "threshold": 8,
      "text": "<size=110%><color=#ffd103>08</color></size>"
    },
    {
      "threshold": 7,
      "text": "<size=110%><color=#ffd103>07</color></size>"
    },
    {
      "threshold": 6,
      "text": "<size=100%><color=#FF5349>06</color></size>"
    },
    {
      "threshold": 5,
      "text": "<size=100%><color=#FF5349>05</color></size>"
    },
    {
      "threshold": 4,
      "text": "<size=100%><color=#FF5349>04</color></size>"
    },
    {
      "threshold": 3,
      "text": "<size=100%><color=#8B0000>03</color></size>"
    },
    {
      "threshold": 2,
      "text": "<size=100%><color=#8B0000>02</color></size>"
    },
    {
      "threshold": 1,
      "text": "<size=100%><color=#8B0000>01</color></size>"
    },
    {
      "threshold": 0,
      "text": "<size=100%><color=#8B0000>DIE</color></size>"
    }
  ],
  "afterCutAngleJudgments": [
    {
      "threshold": 31,
      "text": "<size=110%><color=#00FFFF>????</color></size>"
    },
    {
      "threshold": 30,
      "text": " "
    },
    {
      "threshold": 0,
      "text": "<size=100%><color=#00FFFF>POST</color></size>"
    }
  ]
}