{
  "majorVersion": 3,
  "minorVersion": 5,
  "patchVersion": 2,
  "isDefaultConfig": false,
  "displayMode": "format",
  "doIntermediateUpdates": true,
  "assumeMaxPostSwing": false,
  "timeDependencyDecimalPrecision": 0,
  "timeDependencyDecimalOffset": 2,
  "judgments": [
    {
      "threshold": 0,
      "text": "<size=200%><sup>%B</sup>%C<sup>%A</sup></size><size=100%>%n%T</size>",
      "color": [
        1.0,
        1.0,
        1.0,
        1.0
      ],
      "fade": false
    }
  ],
  "beforeCutAngleJudgments": [
    {
      "threshold": 70,
      "text": ""
    },
    {
      "threshold": 69,
      "text": "<color=#B400FF><u>69</u></color>"
    },
    {
      "threshold": 68,
      "text": "<color=#B400FF><u>68</u></color>"
    },
    {
      "threshold": 67,
      "text": "<color=#B400FF><u>67</u></color>"
    },
    {
      "threshold": 66,
      "text": "<color=#B400FF><u>66</u></color>"
    },
    {
      "threshold": 65,
      "text": "<color=#B400FF><u>65</u></color>"
    },
    {
      "threshold": 64,
      "text": "<color=#B400FF><u>64</u></color>"
    },
    {
      "threshold": 63,
      "text": "<color=#B400FF><u>63</u></color>"
    },
    {
      "threshold": 62,
      "text": "<color=#B400FF><u>62</u></color>"
    },
    {
      "threshold": 61,
      "text": "<color=#B400FF><u>61</u></color>"
    },
    {
      "threshold": 60,
      "text": "<color=#B400FF><u>60</u></color>"
    },
    {
      "threshold": 59,
      "text": "<color=#B400FF><u>59</u></color>"
    },
    {
      "threshold": 58,
      "text": "<color=#B400FF><u>58</u></color>"
    },
    {
      "threshold": 57,
      "text": "<color=#B400FF><u>57</u></color>"
    },
    {
      "threshold": 56,
      "text": "<color=#B400FF><u>56</u></color>"
    },
    {
      "threshold": 55,
      "text": "<color=#B400FF><u>55</u></color>"
    },
    {
      "threshold": 54,
      "text": "<color=#B400FF><u>54</u></color>"
    },
    {
      "threshold": 53,
      "text": "<color=#B400FF><u>53</u></color>"
    },
    {
      "threshold": 52,
      "text": "<color=#B400FF><u>52</u></color>"
    },
    {
      "threshold": 51,
      "text": "<color=#B400FF><u>51</u></color>"
    },
    {
      "threshold": 50,
      "text": "<color=#B400FF><u>50</u></color>"
    },
    {
      "threshold": 49,
      "text": "<color=#B400FF><u>49</u></color>"
    },
    {
      "threshold": 48,
      "text": "<color=#B400FF><u>48</u></color>"
    },
    {
      "threshold": 47,
      "text": "<color=#B400FF><u>47</u></color>"
    },
    {
      "threshold": 46,
      "text": "<color=#B400FF><u>46</u></color>"
    },
    {
      "threshold": 45,
      "text": "<color=#B400FF><u>45</u></color>"
    },
    {
      "threshold": 44,
      "text": "<color=#B400FF><u>44</u></color>"
    },
    {
      "threshold": 43,
      "text": "<color=#B400FF><u>43</u></color>"
    },
    {
      "threshold": 42,
      "text": "<color=#B400FF><u>42</u></color>"
    },
    {
      "threshold": 41,
      "text": "<color=#B400FF><u>41</u></color>"
    },
    {
      "threshold": 40,
      "text": "<color=#B400FF><u>40</u></color>"
    },
    {
      "threshold": 39,
      "text": "<color=#B400FF><u>39</u></color>"
    },
    {
      "threshold": 38,
      "text": "<color=#B400FF><u>38</u></color>"
    },
    {
      "threshold": 37,
      "text": "<color=#B400FF><u>37</u></color>"
    },
    {
      "threshold": 36,
      "text": "<color=#B400FF><u>36</u></color>"
    },
    {
      "threshold": 35,
      "text": "<color=#B400FF><u>35</u></color>"
    },
    {
      "threshold": 34,
      "text": "<color=#B400FF><u>34</u></color>"
    },
    {
      "threshold": 33,
      "text": "<color=#B400FF><u>33</u></color>"
    },
    {
      "threshold": 32,
      "text": "<color=#B400FF><u>32</u></color>"
    },
    {
      "threshold": 31,
      "text": "<color=#B400FF><u>31</u></color>"
    },
    {
      "threshold": 30,
      "text": "<color=#B400FF><u>30</u></color>"
    },
    {
      "threshold": 29,
      "text": "<color=#B400FF><u>29</u></color>"
    },
    {
      "threshold": 28,
      "text": "<color=#B400FF><u>28</u></color>"
    },
    {
      "threshold": 27,
      "text": "<color=#B400FF><u>27</u></color>"
    },
    {
      "threshold": 26,
      "text": "<color=#B400FF><u>26</u></color>"
    },
    {
      "threshold": 25,
      "text": "<color=#B400FF><u>25</u></color>"
    },
    {
      "threshold": 24,
      "text": "<color=#B400FF><u>24</u></color>"
    },
    {
      "threshold": 23,
      "text": "<color=#B400FF><u>23</u></color>"
    },
    {
      "threshold": 22,
      "text": "<color=#B400FF><u>22</u></color>"
    },
    {
      "threshold": 21,
      "text": "<color=#B400FF><u>21</u></color>"
    },
    {
      "threshold": 20,
      "text": "<color=#B400FF><u>20</u></color>"
    },
    {
      "threshold": 19,
      "text": "<color=#B400FF><u>19</u></color>"
    },
    {
      "threshold": 18,
      "text": "<color=#B400FF><u>18</u></color>"
    },
    {
      "threshold": 17,
      "text": "<color=#B400FF><u>17</u></color>"
    },
    {
      "threshold": 16,
      "text": "<color=#B400FF><u>16</u></color>"
    },
    {
      "threshold": 15,
      "text": "<color=#B400FF><u>15</u></color>"
    },
    {
      "threshold": 14,
      "text": "<color=#B400FF><u>14</u></color>"
    },
    {
      "threshold": 13,
      "text": "<color=#B400FF><u>13</u></color>"
    },
    {
      "threshold": 12,
      "text": "<color=#B400FF><u>12</u></color>"
    },
    {
      "threshold": 11,
      "text": "<color=#B400FF><u>11</u></color>"
    },
    {
      "threshold": 10,
      "text": "<color=#B400FF><u>10</u></color>"
    },
    {
      "threshold": 9,
      "text": "<color=#B400FF><u>9</u></color>"
    },
    {
      "threshold": 8,
      "text": "<color=#B400FF><u>8</u></color>"
    },
    {
      "threshold": 7,
      "text": "<color=#B400FF><u>7</u></color>"
    },
    {
      "threshold": 6,
      "text": "<color=#B400FF><u>6</u></color>"
    },
    {
      "threshold": 5,
      "text": "<color=#B400FF><u>5</u></color>"
    },
    {
      "threshold": 4,
      "text": "<color=#B400FF><u>4</u></color>"
    },
    {
      "threshold": 3,
      "text": "<color=#B400FF><u>3</u></color>"
    },
    {
      "threshold": 2,
      "text": "<color=#B400FF><u>2</u></color>"
    },
    {
      "threshold": 1,
      "text": "<color=#B400FF><u>1</u></color>"
    },
    {
      "threshold": 0,
      "text": "<color=#B400FF><u>0</u></color>"
    }
  ],
  "accuracyJudgments": [
    {
      "threshold": 15,
      "text": "<color=#00FFFF>15</color>"
    },
    {
      "threshold": 14,
      "text": "<color=#FFFFFF>14</color>"
    },
    {
      "threshold": 13,
      "text": "<color=#FFFFFF>13</color>"
    },
    {
      "threshold": 12,
      "text": "<color=#00FF00>12</color>"
    },
    {
      "threshold": 11,
      "text": "<color=#00FF00>11</color>"
    },
    {
      "threshold": 10,
      "text": "<color=#00FF00>10</color>"
    },
    {
      "threshold": 9,
      "text": "<color=#FFFF00>9</color>"
    },
    {
      "threshold": 8,
      "text": "<color=#FFFF00>8</color>"
    },
    {
      "threshold": 7,
      "text": "<color=#FFFF00>7</color>"
    },
    {
      "threshold": 6,
      "text": "<color=#FFFF00>6</color>"
    },
    {
      "threshold": 5,
      "text": "<color=#FFFF00>5</color>"
    },
    {
      "threshold": 4,
      "text": "<color=#FF0000>4</color>"
    },
    {
      "threshold": 3,
      "text": "<color=#FF0000>3</color>"
    },
    {
      "threshold": 2,
      "text": "<color=#FF0000>2</color>"
    },
    {
      "threshold": 1,
      "text": "<color=#FF0000>1</color>"
    },
    {
      "threshold": 0,
      "text": "<color=#FF0000><u>0</u></color>"
    }
  ],
  "afterCutAngleJudgments": [
    {
      "threshold": 30,
      "text": ""
    },
    {
      "threshold": 29,
      "text": "<color=#B400FF><u>29</u></color>"
    },
    {
      "threshold": 28,
      "text": "<color=#B400FF><u>28</u></color>"
    },
    {
      "threshold": 27,
      "text": "<color=#B400FF><u>27</u></color>"
    },
    {
      "threshold": 26,
      "text": "<color=#B400FF><u>26</u></color>"
    },
    {
      "threshold": 25,
      "text": "<color=#B400FF><u>25</u></color>"
    },
    {
      "threshold": 24,
      "text": "<color=#B400FF><u>24</u></color>"
    },
    {
      "threshold": 23,
      "text": "<color=#B400FF><u>23</u></color>"
    },
    {
      "threshold": 22,
      "text": "<color=#B400FF><u>22</u></color>"
    },
    {
      "threshold": 21,
      "text": "<color=#B400FF><u>21</u></color>"
    },
    {
      "threshold": 20,
      "text": "<color=#B400FF><u>20</u></color>"
    },
    {
      "threshold": 19,
      "text": "<color=#B400FF><u>19</u></color>"
    },
    {
      "threshold": 18,
      "text": "<color=#B400FF><u>18</u></color>"
    },
    {
      "threshold": 17,
      "text": "<color=#B400FF><u>17</u></color>"
    },
    {
      "threshold": 16,
      "text": "<color=#B400FF><u>16</u></color>"
    },
    {
      "threshold": 15,
      "text": "<color=#B400FF><u>15</u></color>"
    },
    {
      "threshold": 14,
      "text": "<color=#B400FF><u>14</u></color>"
    },
    {
      "threshold": 13,
      "text": "<color=#B400FF><u>13</u></color>"
    },
    {
      "threshold": 12,
      "text": "<color=#B400FF><u>12</u></color>"
    },
    {
      "threshold": 11,
      "text": "<color=#B400FF><u>11</u></color>"
    },
    {
      "threshold": 10,
      "text": "<color=#B400FF><u>10</u></color>"
    },
    {
      "threshold": 9,
      "text": "<color=#B400FF><u>9</u></color>"
    },
    {
      "threshold": 8,
      "text": "<color=#B400FF><u>8</u></color>"
    },
    {
      "threshold": 7,
      "text": "<color=#B400FF><u>7</u></color>"
    },
    {
      "threshold": 6,
      "text": "<color=#B400FF><u>6</u></color>"
    },
    {
      "threshold": 5,
      "text": "<color=#B400FF><u>5</u></color>"
    },
    {
      "threshold": 4,
      "text": "<color=#B400FF><u>4</u></color>"
    },
    {
      "threshold": 3,
      "text": "<color=#B400FF><u>3</u></color>"
    },
    {
      "threshold": 2,
      "text": "<color=#B400FF><u>2</u></color>"
    },
    {
      "threshold": 1,
      "text": "<color=#B400FF><u>1</u></color>"
    },
    {
      "threshold": 0,
      "text": "<color=#B400FF><u>0</u></color>"
    }
  ],
  "timeDependencyJudgments": [
    {
      "threshold": 1.0,
      "text": "<color=#FF8000>100</color>"
    },
    {
      "threshold": 0.99,
      "text": "<color=#FF8000>99</color>"
    },
    {
      "threshold": 0.98,
      "text": "<color=#FF8000>98</color>"
    },
    {
      "threshold": 0.97,
      "text": "<color=#FF8000>97</color>"
    },
    {
      "threshold": 0.96,
      "text": "<color=#FF8000>96</color>"
    },
    {
      "threshold": 0.95,
      "text": "<color=#FF8000>95</color>"
    },
    {
      "threshold": 0.94,
      "text": "<color=#FF8000>94</color>"
    },
    {
      "threshold": 0.93,
      "text": "<color=#FF8000>93</color>"
    },
    {
      "threshold": 0.92,
      "text": "<color=#FF8000>92</color>"
    },
    {
      "threshold": 0.91,
      "text": "<color=#FF8000>91</color>"
    },
    {
      "threshold": 0.9,
      "text": "<color=#FF8000>90</color>"
    },
    {
      "threshold": 0.89,
      "text": "<color=#FF8000>89</color>"
    },
    {
      "threshold": 0.88,
      "text": "<color=#FF8000>88</color>"
    },
    {
      "threshold": 0.87,
      "text": "<color=#FF8000>87</color>"
    },
    {
      "threshold": 0.86,
      "text": "<color=#FF8000>86</color>"
    },
    {
      "threshold": 0.85,
      "text": "<color=#FF8000>85</color>"
    },
    {
      "threshold": 0.84,
      "text": "<color=#FF8000>84</color>"
    },
    {
      "threshold": 0.83,
      "text": "<color=#FF8000>83</color>"
    },
    {
      "threshold": 0.82,
      "text": "<color=#FF8000>82</color>"
    },
    {
      "threshold": 0.81,
      "text": "<color=#FF8000>81</color>"
    },
    {
      "threshold": 0.8,
      "text": "<color=#FF8000>80</color>"
    },
    {
      "threshold": 0.79,
      "text": "<color=#FF8000>79</color>"
    },
    {
      "threshold": 0.78,
      "text": "<color=#FF8000>78</color>"
    },
    {
      "threshold": 0.77,
      "text": "<color=#FF8000>77</color>"
    },
    {
      "threshold": 0.76,
      "text": "<color=#FF8000>76</color>"
    },
    {
      "threshold": 0.75,
      "text": "<color=#FF8000>75</color>"
    },
    {
      "threshold": 0.74,
      "text": "<color=#FF8000>74</color>"
    },
    {
      "threshold": 0.73,
      "text": "<color=#FF8000>73</color>"
    },
    {
      "threshold": 0.72,
      "text": "<color=#FF8000>72</color>"
    },
    {
      "threshold": 0.71,
      "text": "<color=#FF8000>71</color>"
    },
    {
      "threshold": 0.7,
      "text": "<color=#FF8000>70</color>"
    },
    {
      "threshold": 0.69,
      "text": "<color=#FF8000>69</color>"
    },
    {
      "threshold": 0.68,
      "text": "<color=#FF8000>68</color>"
    },
    {
      "threshold": 0.67,
      "text": "<color=#FF8000>67</color>"
    },
    {
      "threshold": 0.66,
      "text": "<color=#FF8000>66</color>"
    },
    {
      "threshold": 0.65,
      "text": "<color=#FF8000>65</color>"
    },
    {
      "threshold": 0.64,
      "text": "<color=#FF8000>64</color>"
    },
    {
      "threshold": 0.63,
      "text": "<color=#FF8000>63</color>"
    },
    {
      "threshold": 0.62,
      "text": "<color=#FF8000>62</color>"
    },
    {
      "threshold": 0.61,
      "text": "<color=#FF8000>61</color>"
    },
    {
      "threshold": 0.6,
      "text": "<color=#FF8000>60</color>"
    },
    {
      "threshold": 0.59,
      "text": "<color=#FF8000>59</color>"
    },
    {
      "threshold": 0.58,
      "text": "<color=#FF8000>58</color>"
    },
    {
      "threshold": 0.57,
      "text": "<color=#FF8000>57</color>"
    },
    {
      "threshold": 0.56,
      "text": "<color=#FF8000>56</color>"
    },
    {
      "threshold": 0.55,
      "text": "<color=#FF8000>55</color>"
    },
    {
      "threshold": 0.54,
      "text": "<color=#FF8000>54</color>"
    },
    {
      "threshold": 0.53,
      "text": "<color=#FF8000>53</color>"
    },
    {
      "threshold": 0.52,
      "text": "<color=#FF8000>52</color>"
    },
    {
      "threshold": 0.51,
      "text": "<color=#FF8000>51</color>"
    },
    {
      "threshold": 0.5,
      "text": "<color=#FF8000>50</color>"
    },
    {
      "threshold": 0.49,
      "text": "<color=#FF8000>49</color>"
    },
    {
      "threshold": 0.48,
      "text": "<color=#FF8000>48</color>"
    },
    {
      "threshold": 0.47,
      "text": "<color=#FF8000>47</color>"
    },
    {
      "threshold": 0.46,
      "text": "<color=#FF8000>46</color>"
    },
    {
      "threshold": 0.45,
      "text": "<color=#FF8000>45</color>"
    },
    {
      "threshold": 0.44,
      "text": "<color=#FF8000>44</color>"
    },
    {
      "threshold": 0.43,
      "text": "<color=#FF8000>43</color>"
    },
    {
      "threshold": 0.42,
      "text": "<color=#FF8000>42</color>"
    },
    {
      "threshold": 0.41,
      "text": "<color=#FF8000>41</color>"
    },
    {
      "threshold": 0.4,
      "text": "<color=#FF8000>40</color>"
    },
    {
      "threshold": 0.39,
      "text": "<color=#FF8000>39</color>"
    },
    {
      "threshold": 0.38,
      "text": "<color=#FF8000>38</color>"
    },
    {
      "threshold": 0.37,
      "text": "<color=#FF8000>37</color>"
    },
    {
      "threshold": 0.36,
      "text": "<color=#FF8000>36</color>"
    },
    {
      "threshold": 0.35,
      "text": "<color=#FF8000>35</color>"
    },
    {
      "threshold": 0.34,
      "text": "<color=#FF8000>34</color>"
    },
    {
      "threshold": 0.33,
      "text": "<color=#FF8000>33</color>"
    },
    {
      "threshold": 0.32,
      "text": "<color=#FF8000>32</color>"
    },
    {
      "threshold": 0.31,
      "text": "<color=#FF8000>31</color>"
    },
    {
      "threshold": 0.3,
      "text": "<color=#FF8000>30</color>"
    },
    {
      "threshold": 0.29,
      "text": "<color=#FF8000>29</color>"
    },
    {
      "threshold": 0.28,
      "text": "<color=#FF8000>28</color>"
    },
    {
      "threshold": 0.27,
      "text": "<color=#FF8000>27</color>"
    },
    {
      "threshold": 0.26,
      "text": "<color=#FF8000>26</color>"
    },
    {
      "threshold": 0.25,
      "text": "<color=#FFFF00>25</color>"
    },
    {
      "threshold": 0.24,
      "text": "<color=#FFFF00>24</color>"
    },
    {
      "threshold": 0.23,
      "text": "<color=#FFFF00>23</color>"
    },
    {
      "threshold": 0.22,
      "text": "<color=#FFFF00>22</color>"
    },
    {
      "threshold": 0.21,
      "text": "<color=#FFFF00>21</color>"
    },
    {
      "threshold": 0.2,
      "text": "<color=#FFFF00>20</color>"
    },
    {
      "threshold": 0.19,
      "text": "<color=#FFFF00>19</color>"
    },
    {
      "threshold": 0.18,
      "text": "<color=#FFFF00>18</color>"
    },
    {
      "threshold": 0.17,
      "text": "<color=#FFFF00>17</color>"
    },
    {
      "threshold": 0.16,
      "text": "<color=#FFFF00>16</color>"
    },
    {
      "threshold": 0.15,
      "text": "<color=#FFFF00>15</color>"
    },
    {
      "threshold": 0.14,
      "text": "<color=#FFFF00>14</color>"
    },
    {
      "threshold": 0.13,
      "text": "<color=#FFFF00>13</color>"
    },
    {
      "threshold": 0.12,
      "text": "<color=#00FF00>12</color>"
    },
    {
      "threshold": 0.11,
      "text": "<color=#00FF00>11</color>"
    },
    {
      "threshold": 0.1,
      "text": "<color=#00FF00>10</color>"
    },
    {
      "threshold": 0.09,
      "text": "<color=#00FF00>9</color>"
    },
    {
      "threshold": 0.08,
      "text": "<color=#00FF00>8</color>"
    },
    {
      "threshold": 0.07,
      "text": "<color=#FFFFFF>7</color>"
    },
    {
      "threshold": 0.06,
      "text": "<color=#FFFFFF>6</color>"
    },
    {
      "threshold": 0.05,
      "text": "<color=#FFFFFF>5</color>"
    },
    {
      "threshold": 0.04,
      "text": "<color=#FFFFFF>4</color>"
    },
    {
      "threshold": 0.03,
      "text": "<color=#FFFFFF>3</color>"
    },
    {
      "threshold": 0.02,
      "text": "<color=#00FFFF>2</color>"
    },
    {
      "threshold": 0.01,
      "text": "<color=#00FFFF>1</color>"
    },
    {
      "threshold": 0.0,
      "text": "<color=#00FFFF>0</color>"
    }
  ]
}