{
  "majorVersion": 3,
  "minorVersion": 3,
  "patchVersion": 3,
  "isDefaultConfig": false,
  "displayMode": "format",
  "doIntermediateUpdates": true,
  "timeDependencyDecimalPrecision": 1,
  "timeDependencyDecimalOffset": 2,
  "judgments": [
    {
      "threshold": 114,
      "text": "<size=450%>%B%c%A</size>",
      "color": [
        1.0,
        1.0,
        1.0,
        1.0
      ],
      "fade": false
    },
    {
      "threshold": 112,
      "text": "<size=350%>%B%c%A</size>",
      "color": [
        0.3,
        0.0,
        1.0,
        1.0
      ],
      "fade": false
    },
    {
      "threshold": 108,
      "text": "<size=350%>%B%c%A%n</size>",
      "color": [
        0.0,
        1.0,
        1.0,
        10.0
      ],
      "fade": false
    },
    {
      "threshold": 103,
      "text": "<size=300%>%B%c%A%n</size>",
      "color": [
        0.0,
        1.0,
        0.0,
        1.0
      ],
      "fade": true
    },
    {
      "threshold": 50,
      "text": "<size=200%>%Bno%A</size>%n%s",
      "color": [
        0.5,
        0.0,
        0.0,
        1.0
      ],
      "fade": true
    },
    {
      "threshold": 0,
      "text": "<size=200%>%Blike what%A</size>%n%s",
      "color": [
        0.8,
        0.2,
        0.2,
        1.0
      ],
      "fade": true
    }
  ],
  "beforeCutAngleJudgments": [
    {
      "threshold": 70,
      "text": ""
    },
    {
      "threshold": 0,
      "text": ""
    }
  ],
  "accuracyJudgments": [
    {
      "threshold": 15,
      "text": ""
    },
    {
      "threshold": 0,
      "text": ""
    }
  ],
  "afterCutAngleJudgments": [
    {
      "threshold": 30,
      "text": ""
    },
    {
      "threshold": 0,
      "text": ""
    }
  ]
}