{
  "majorVersion": 3,
  "minorVersion": 5,
  "patchVersion": 2,
  "isDefaultConfig": false,
  "displayMode": "format",
  "doIntermediateUpdates": true,
  "assumeMaxPostSwing": false,
  "timeDependencyDecimalPrecision": 0,
  "timeDependencyDecimalOffset": 0,
  "judgments": [
    {
      "threshold": 115,
      "text": "<size=350%>%s</size>%n",
      "color": [
        1.0,
        1.0,
        1.0,
        1.0
      ],
      "fade": false
    },
    {
      "threshold": 113,
      "text": "<size=300%>%s</size>%n",
      "color": [
        0.59,
        0.98,
        0.59,
        2.0
      ],
      "fade": false
    },
    {
      "threshold": 110,
      "text": "<size=150%>%s</size>%n",
      "color": [
        0.07,
        0.88,
        0.68,
        1.0
      ],
      "fade": false
    },
    {
      "threshold": 104,
      "text": "<size=150%>%s</size>%n",
      "color": [
        0.0,
        0.384,
        0.671,
        1.0
      ],
      "fade": false
    },
    {
      "threshold": 100,
      "text": "<size=150%>%s</size>%n",
      "color": [
        0.827,
        0.639,
        0.314,
        1.0
      ],
      "fade": false
    },
    {
      "threshold": 1,
      "text": "<size=150%>%s</size>%n",
      "color": [
        1.0,
        0.0,
        0.0,
        1.0
      ],
      "fade": false
    },
    {
      "threshold": 0,
      "text": "<size=200%>AWFUL</size>%n%s%n%B %C %A",
      "color": [
        0.5,
        0.0,
        0.0,
        1.0
      ],
      "fade": true
    }
  ]
}