{
  "majorVersion": 3,
  "minorVersion": 2,
  "patchVersion": 1,
  "isDefaultConfig": false,
  "displayMode": "format",
  "doIntermediateUpdates": true,
  "timeDependencyDecimalPrecision": 0,
  "timeDependencyDecimalOffset": 2,
  "judgments": [
    {
      "threshold": 100,
      "text": "<size=150%>%B%s%A</size>",
      "color": [
        1.0,
        0.0,
        0.0,
        0.01
      ],
      "fade": false
    },
    {
      "threshold": 80,
      "text": "<size=150%>%B%s%A</size>",
      "color": [
        1.0,
        0.5,
        0.0,
        0.01
      ],
      "fade": false
    },
    {
      "threshold": 50,
      "text": "<size=150%>%B%s%A</size>",
      "color": [
        0.0,
        1.0,
        0.0,
        0.01
      ],
      "fade": false
    },
    {
      "threshold": 10,
      "text": "<size=150%>%B%s%A</size>",
      "color": [
        0.3,
        0.0,
        1.0,
        0.01
      ],
      "fade": false
    },
    {
      "threshold": 0,
      "text": "<size=200%>%B%s%A</size>",
      "color": [
        1.0,
        1.0,
        1.0,
        1.0
      ],
      "fade": false
    }
  ],
  "beforeCutAngleJudgments": [
    {
      "threshold": 71,
      "text": "LAG"
    },
    {
      "threshold": 70,
      "text": "<"
    },
    {
      "threshold": 0,
      "text": " "
    }
  ],
  "accuracyJudgments": [
    {
      "threshold": 0,
      "text": " "
    }
  ],
  "afterCutAngleJudgments": [
    {
      "threshold": 31,
      "text": "LAG"
    },
    {
      "threshold": 30,
      "text": ">"
    },
    {
      "threshold": 10,
      "text": " "
    }
  ]
}