{
  "majorVersion": 3,
  "minorVersion": 3,
  "patchVersion": 3,
  "isDefaultConfig": false,
  "displayMode": "format",
  "doIntermediateUpdates": true,
  "timeDependencyDecimalPrecision": 0,
  "timeDependencyDecimalOffset": 0,
  "judgments": [
    {
      "threshold": 115,
      "text": "<size=300%>15",
      "color": [1, 1, 1, 0],
      "fade": false
    },
    {
      "threshold": 114,
      "text": "<size=250%>14",
      "color": [1, 1, 1, 0],
      "fade": false
    },
    {
      "threshold": 113,
      "text": "<size=200%>13",
      "color": [1, 0, 1, 0],
      "fade": false
    },
    {
      "threshold": 112,
      "text": "<size=175%>12",
      "color": [1, 0, 1, 0],
      "fade": false
    },
    {
      "threshold": 111,
      "text": "<size=150%>11",
      "color": [0, 0.75, 1, 0],
      "fade": true
    },
    {
      "threshold": 110,
      "text": "<size=150%>10",
      "color": [0, 0.75, 1, 0],
      "fade": false
    },
    {
      "threshold": 109,
      "text": "<size=150%>9",
      "color": [0, 0.75, 1, 0],
      "fade": false
    },
    {
      "threshold": 108,
      "text": "<size=150%>8",
      "color": [0, 1, 0, 0],
      "fade": false
    },
    {
      "threshold": 107,
      "text": "<size=150%>7",
      "color": [0, 1, 0, 0],
      "fade": false
    },
    {
      "threshold": 106,
      "text": "<size=150%>6",
      "color": [0, 1, 0, 0],
      "fade": false
    },
    {
      "threshold": 105,
      "text": "<size=150%>5",
      "color": [1, 1, 0, 0],
      "fade": false
    },
    {
      "threshold": 104,
      "text": "<size=150%>4",
      "color": [1, 1, 0, 0],
      "fade": false
    },
    {
      "threshold": 103,
      "text": "<size=150%>3",
      "color": [1, 0.4, 0, 0],
      "fade": false
    },
    {
      "threshold": 102,
      "text": "<size=150%>2",
      "color": [1, 0.4, 0, 0],
      "fade": false
    },
    {
      "threshold": 101,
      "text": "<size=150%>1",
      "color": [1, 0, 0, 0],
      "fade": false
    },
    {
      "threshold": 100,
      "text": "<size=150%>0",
      "color": [1, 0, 0, 0],
      "fade": false
    },
    {
      "threshold": 0,
      "text": "<size=175%>JUST RESTART",
      "color": [0.5, 0, 0, 0],
      "fade": true
    }
  ],
  "chainHeadJudgments": [
    {
      "threshold": 85,
      "text": "<size=300%>15",
      "color": [1, 1, 1, 0],
      "fade": false
    },
    {
      "threshold": 84,
      "text": "<size=250%>14",
      "color": [1, 1, 1, 0],
      "fade": false
    },
    {
      "threshold": 83,
      "text": "<size=200%>13",
      "color": [1, 0, 1, 0],
      "fade": false
    },
    {
      "threshold": 82,
      "text": "<size=175%>12",
      "color": [1, 0, 1, 0],
      "fade": false
    },
    {
      "threshold": 81,
      "text": "<size=150%>11",
      "color": [0, 0.75, 1, 0],
      "fade": true
    },
    {
      "threshold": 80,
      "text": "<size=150%>10",
      "color": [0, 0.75, 1, 0],
      "fade": false
    },
    {
      "threshold": 79,
      "text": "<size=150%>9",
      "color": [0, 0.75, 1, 0],
      "fade": false
    },
    {
      "threshold": 78,
      "text": "<size=150%>8",
      "color": [0, 1, 0, 0],
      "fade": false
    },
    {
      "threshold": 77,
      "text": "<size=150%>7",
      "color": [0, 1, 0, 0],
      "fade": false
    },
    {
      "threshold": 76,
      "text": "<size=150%>6",
      "color": [0, 1, 0, 0],
      "fade": false
    },
    {
      "threshold": 75,
      "text": "<size=150%>5",
      "color": [1, 1, 0, 0],
      "fade": false
    },
    {
      "threshold": 74,
      "text": "<size=150%>4",
      "color": [1, 1, 0, 0],
      "fade": false
    },
    {
      "threshold": 73,
      "text": "<size=150%>3",
      "color": [1, 0.4, 0, 0],
      "fade": false
    },
    {
      "threshold": 72,
      "text": "<size=150%>2",
      "color": [1, 0.4, 0, 0],
      "fade": false
    },
    {
      "threshold": 71,
      "text": "<size=150%>1",
      "color": [1, 0, 0, 0],
      "fade": false
    },
    {
      "threshold": 70,
      "text": "<size=150%>0",
      "color": [1, 0, 0, 0],
      "fade": false
    },
    {
      "threshold": 0,
      "text": "<size=175%>JUST RESTART",
      "color": [0.5, 0, 0, 0],
      "fade": true
    }
  ],
  "beforeCutAngleJudgments": [
    {
      "threshold": 30,
      "text": ""
    },
    {
      "threshold": 0,
      "text": ""
    }
  ],
  "accuracyJudgments": [
    {
      "threshold": 15,
      "text": ""
    },
    {
      "threshold": 0,
      "text": ""
    }
  ],
  "afterCutAngleJudgments": [
    {
      "threshold": 30,
      "text": ""
    },
    {
      "threshold": 0,
      "text": ""
    }
  ],
  "chainLinkDisplay": {
    "text": "•",
    "color": [1, 1, 1, 0]
  }
}