{
  "majorVersion": 3,
  "minorVersion": 2,
  "patchVersion": 1,
  "isDefaultConfig": false,
  "displayMode": "format",
  "doIntermediateUpdates": true,
  "timeDependencyDecimalPrecision": 0,
  "timeDependencyDecimalOffset": 0,
  "judgments": [
    {
      "threshold": 115,
      "text": "<size=160%>%B%A%nPerfect</size>",
      "color": [
        1.0,
        1.0,
        1.0,
        1.0
      ],
      "fade": false
    },
    {
      "threshold": 114,
      "text": "<size=130%>%n%s</size>",
      "color": [
        0.278,
        0.639,
        1.0,
        1.0
      ],
      "fade": false
    },
    {
      "threshold": 112,
      "text": "<size=130%>%n%s",
      "color": [
        0.471,
        0.612,
        0.749,
        1.0
      ],
      "fade": false
    },
    {
      "threshold": 110,
      "text": "<size=130%></size>%n%s",
      "color": [
        0.4,
        0.1,
        1.0,
        1.0
      ],
      "fade": false
    },
    {
      "threshold": 107,
      "text": "<size=115%>%B%A</size>%n%s",
      "color": [
        0.6,
        0.9,
        0.2,
        1.0
      ],
      "fade": false
},
 {
      "threshold": 100,
      "text": "<size=150%>%B%A</size>%n%s",
      "color": [
        0.8,
        1.0,
        0.0,
        1.0
      ],
      "fade": false
    },
    {
      "threshold": 70,
      "text": "<size=100%>%B%A</size>%n%s",
      "color": [
        0.9,
        1.0,
        0.0,
        1.0
      ],
      "fade": false
    },
    {
      "threshold": 1,
      "text": "<size=350%>-</size>",
      "color": [
        1.0,
        0.0,
        0.0,
        1.0
      ],
      "fade": false
    }
  ],
  "beforeCutAngleJudgments": [
    {
      "threshold": 70,
      "text": ""
    },
    {
      "threshold": 0,
      "text": "<color=#FF0000>B</color>"
    }
  ],
  "accuracyJudgments": [
    {
      "threshold": 15,
      "text": ""
    },
    {
      "threshold": 0,
      "text": ""
    }
  ],
  "afterCutAngleJudgments": [
    {
      "threshold": 30,
      "text": ""
    },
    {
      "threshold": 0,
      "text": "<color=#FF0000>A</color>"
    }
  ]
}
