{
  "majorVersion": 3,
  "minorVersion": 3,
  "patchVersion": 2,
  "isDefaultConfig": false,
  "displayMode": "format",
  "doIntermediateUpdates": true,
  "timeDependencyDecimalPrecision": 1,
  "timeDependencyDecimalOffset": 2,
  "judgments": [
    {
       "threshold": 115,
      "text": "<size=200%>ACCEST</size> %n %B %A",
      "color": [
        1.0,
        1.0,
        1.0,
        1.0
      ]
    },
    {
      "threshold": 114,
      "text": "<size=180%>ACC</size> %n %B %A",
      "color": [
        3.0,
        0.0,
        3.0,
        1.0
      ]
    },
    {
      "threshold": 113,
      "text": "<size=180%>ACC</size> %n %B %A",
      "color": [
        3.0,
        0.0,
        3.0,
        1.0
      ]
    },
    {
      "threshold": 112,
      "text": "<size=180%>ACC</size> %n %B %A",
      "color": [
        0.0,
        1.0,
        3.0,
        1.0
      ]
    },
    {
      "threshold": 111,
      "text": "<size=180%>11</size> %n %B %A",
      "color": [
        0.0,
        1.0,
        3.0,
        1.0
      ]
    },
    {
      "threshold": 110,
      "text": "<size=180%>10</size> %n %B %A",
      "color": [
        0.0,
        1.0,
        3.0,
        1.0
      ]
    },
    {
      "threshold": 109,
      "text": "<size=140%>9</size> %n %B %A",
      "color": [
        1.0,
        1.0,
        0.0,
        1.0
      ]
    },
    {
      "threshold": 108,
      "text": "<size=140%>8</size> %n %B %A",
      "color": [
        1.0,
        1.0,
        0.0,
        1.0
      ]
    },
    {
      "threshold": 107,
      "text": "<size=140%>7</size> %n %B %A",
      "color": [
        1.0,
        1.0,
        0.0,
        1.0
      ]
    },
    {
      "threshold": 106,
      "text": "<size=140%>6</size> %n %B %A",
      "color": [
        1.0,
        0.9,
        0.0,
        1.0
      ]
    },
    {
      "threshold": 105,
      "text": "<size=140%>5</size> %n %B %A",
      "color": [
        1.0,
        0.5,
        0.0,
        1.0
      ]
    },
    {
      "threshold": 100,
      "text": "<size=150%>AWFUL</size> %n %B %A",
      "color": [
        1.0,
        0.0,
        0.0,
        1.0
      ],
      "fade": true
    },
    {
      "threshold": 10,
      "text": "<size=180%>TERRIBLE</size>",
      "color": [
        0.5,
        0.0,
        0.0,
        1.0
      ],
      "fade": true
    },
    {
      "text": "<size=80%>nah u fell off fr lmao</size>",
      "color": [
        0.9,
        0.9,
        1.0,
        1.0
      ],
      "fade": true
    }
  ],
  "beforeCutAngleJudgments": [
    {
      "threshold": 70,
      "text": " "
    },
    {
      "text": " * "
    }
  ],
  "accuracyJudgments": [
    {
      "threshold": 15,
      "text": "+"
    },
    {
      "text": "  "
    }
  ],
  "afterCutAngleJudgments": [
    {
      "threshold": 30,
      "text": " "
    },
    {
      "text": " * "
    }
  ]
}