{
  "majorVersion": 3,
  "minorVersion": 3,
  "patchVersion": 2,
  "isDefaultConfig": false,
  "displayMode": "format",
  "doIntermediateUpdates": true,
  "timeDependencyDecimalPrecision": 0,
  "timeDependencyDecimalOffset": 2,
  "judgments": [
    {
      "threshold": 115,
      "text": "<size=270%>%B%c%A</size><size=80%>%n%T</size>",
      "color": [
        1.0,
        1.0,
        1.0,
        1.0
      ],
      "fade": false
    },
    {
      "threshold": 114,
      "text": "<size=240%>%B<#ffffff>1<#03ecfc>4%A</size><size=80%>%n%T</size>",
      "color": [
        1.0,
        1.0,
        1.0,
        1.0
      ],
      "fade": false
    },
    {
      "threshold": 113,
      "text": "<size=220%>%B%c%A</size><size=80%>%n%T</size>",
      "color": [
        0.0,
        1.0,
        1.0,
        1.0
      ],
      "fade": false
    },
    {
      "threshold": 112,
      "text": "<size=220%>%B<#03ecfc>1<#e10070>2%A</size><size=80%>%n%T</size>",
      "color": [
        0.0,
        1.0,
        1.0,
        1.0
      ],
      "fade": false
    },
    {
      "threshold": 111,
      "text": "<size=220%>%B%c%A</size><size=80%>%n%T</size>",
      "color": [
        1.0,
        0.0,
        0.5,
        1.0
      ],
      "fade": false
    },
    {
      "threshold": 110,
      "text": "<size=220%>%B<#e10070>1<#0000ff>0%A</size><size=80%>%n%T</size>",
      "color": [
        1.0,
        0.0,
        0.5,
        1.0
      ],
      "fade": false
    },
    {
      "threshold": 105,
      "text": "<size=170%>%B%c%A</size><size=80%>%n%T</size>",
      "color": [
        0.0,
        0.0,
        1.0,
        1.0
      ],
      "fade": false
    },
    {
      "threshold": 101,
      "text": "<size=170%>%B%c%A</size><size=80%>%n%T</size>",
      "color": [
        0.0,
        1.0,
        0.0,
        1.0
      ],
      "fade": false
    },
    {
      "threshold": 100,
      "text": "<size=170%>%B%c%A</size><size=80%>%n%T</size>",
      "color": [
        1.0,
        1.0,
        0.0,
        1.0
      ],
      "fade": false
    },
    {
      "threshold": 0,
      "text": "<size=170%>%B%c%A</size><size=80%>%n%T</size>",
      "color": [
        1.0,
        0.0,
        0.0,
        1.0
      ],
      "fade": false
    }
  ],
  "beforeCutAngleJudgments": [
    {
      "threshold": 71,
      "text": ""
    },
    {
      "threshold": 70,
      "text": " "
    },
    {
      "threshold": 0,
      "text": "<"
    }
  ],
  "accuracyJudgments": [
    {
      "threshold": 0,
      "text": " "
    }
  ],
  "afterCutAngleJudgments": [
    {
      "threshold": 31,
      "text": ""
    },
    {
      "threshold": 30,
      "text": " "
    },
    {
      "threshold": 0,
      "text": ">"
    }
  ]
}