{
  "majorVersion": 3,
  "minorVersion": 2,
  "patchVersion": 1, 
  "isDefaultConfig": false,
  "displayMode": "format", 
  "doIntermediateUpdates": true,
  "timeDependencyDecimalPrecision": 0,
  "timeDependencyDecimalOffset": 0,
  "judgments": [
    {
      "threshold": 115,
      "text": "<size=350%>nice</size>%n%n%B %C %A",
      "color": [
        1.0,
        1.0,
        1.0,
        1.0
      ],
      "fade": false
    },
    {
      "threshold": 114,
      "text": "<size=300%>%B<#ffffff>1<#70e1ff>1<#00e1ff>4%A</size>%n%n%B %C %A",
      "color": [
        1.0,
        1.0,
        1.0,
        1.0
      ],
      "fade": false
    },
    {
      "threshold": 113,
      "text": "<size=190%>%s</size>%n%n%B %C %A",
      "color": [
        1.0,
        0.0,
        1.0,
        1.0
      ],
      "fade": false
    },
    {
      "threshold": 112,
      "text": "<size=190%>%B<#00e1e1>1<#a025c2>1<#e100a9>2%A</size>%n%n%B %C %A",
      "color": [
        1.0,
        0.0,
        1.0,
        1.0
      ],
      "fade": false
    },
    {
      "threshold": 111,
      "text": "<size=150%>%s</size>%n%n%B %C %A",
      "color": [
        0.0,
        0.0,
        1.0,
        1.0
      ],
      "fade": false
    },
    {
      "threshold": 110,
      "text": "<size=150%>%B<#e10071>1<#7000a9>1<#0000e1>0%A</size>%n%n%B %C %A",
      "color": [
        0.0,
        0.0,
        1.0,
        1.0
      ],
      "fade": false
    },
    {
      "threshold": 106,
      "text": "<size=115%>%s</size>%n%n%B %C %A",
      "color": [
        0.0,
        0.0,
        1.0,
        1.0
      ],
      "fade": false
    },
    {
      "threshold": 101,
      "text": "<size=150%>%s</size>%n%n%B %C %A",
      "color": [
        0.0,
        1.0,
        0.0,
        1.0
      ],
      "fade": false
    },
    {
      "threshold": 0,
      "text": "<size=150%>%s</size>%n%n%B %C %A",
      "color": [
        1.0,
        0.0,
        0.0,
        1.0
      ],
      "fade": false
    }
  ],
            "beforeCutAngleJudgments": [
              {
              "threshold": 70, 
              "text": " "
              }, 
              {
              "threshold": 0,
              "text": "hey that is quite a bit of underswing you got you should try swinging a little bit bigger"
              }
              ], 
              "fixedPosition": null, "targetPositionOffset": null, "accuracyJudgments": [], "afterCutAngleJudgments": [], "timeDependencyJudgments": []}