{
  "majorVersion": 3,
  "minorVersion": 2,
  "patchVersion": 0,
  "isDefaultConfig": false,
  "displayMode": "format",
  "doIntermediateUpdates": true,
  "timeDependencyDecimalPrecision": 1,
  "timeDependencyDecimalOffset": 2,
  "judgments": [
    {
      "threshold": 115,
      "text": "<size=500%>%B<#9418db>1<#933dc4>1<#770db5>5%A</size>%n%n%B %C %A",
      "color": [
        1.0,
        1.0,
        1.0,
        1.0
      ],
      "fade": false
    },
    {
      "threshold": 114,
      "text": "<size=350%>%B<#3c59cf>1<#1435b8>1<#0b33d6>4%A</size>%n%n%B %C %A",
      "color": [
        1.0,
        1.0,
        1.0,
        1.0
      ],
      "fade": false
    },
    {
      "threshold": 113,
      "text": "<size=350%>%B<#501887>1<#3e0478>1<#5c2f8a>3%A</size>%n%n%B %C %A",
      "color": [
        0.0,
	  1.0,
	  0.0,
        1.0
      ],
      "fade": false
    },
    {
      "threshold": 112,
      "text": "<size=350%>%B<#137d4f>1<#048f53>1<#185c3e>2%A</size>%n%n%B %C %A",
      "color": [
        0.0,
	  1.0,
	  0.0,
        1.0
      ],
      "fade": false
    },
    {
      "threshold": 111,
      "text": "<size=350%>%B<#137d4f>1<#048f53>1<#185c3e>1%A</size>%n%n%B %C %A",
      "color": [
        0.0,
	  1.0,
	  0.0,
        1.0
      ],
      "fade": false
    },
    {
      "threshold": 106,
      "text": "<size=200%>%s</size>",
      "color": [
        0.08235294,
	  0.7019608,
	  0.0627451,
        1.0
      ],
      "fade": false
    },
    {
      "threshold": 100,
      "text": "<size=200%>%s</size>",
      "color": [
        0.07058824,
	  0.0627451,
	  0.6196079,
        1.0
      ],
      "fade": false
    },
    {
      "threshold": 0,
      "text": "<size=275%>%B<#610101>N<#540202>O<#960303>P<#cf0404>E%A</size>%n%n%B %C %A",
      "color": [
        0.2784314,
	  0.01568628,
	  0.03137255,
        1.0
      ],
      "fade": false
    }
  ],
  "beforeCutAngleJudgments": [
    {
      "threshold": 70,
      "text": ""
    },
    {
      "threshold": 0,
      "text": " "
    }
  ],
  "accuracyJudgments": [
    {
      "threshold": 15,
      "text": "  "
    },
    {
      "threshold": 0,
      "text": " "
    }
  ],
  "afterCutAngleJudgments": [
    {
      "threshold": 30,
      "text": "  "
    },
    {
      "threshold": 0,
      "text": "  "
    }
  ]
}