{
    "majorVersion": 3,
    "minorVersion": 3,
    "patchVersion": 3,
    "isDefaultConfig": true,
    "displayMode": "format",
    "doIntermediateUpdates": false,
    "timeDependencyDecimalPrecision": 1,
    "timeDependencyDecimalOffset": 2,
    "judgments": [
        {
            "threshold": 114,
            "text": "<size=230%>%B%T%s%A</size>",
            "color" : [1.0,1.0,1.0,1.0]
        },
        {
            "threshold": 112,
            "text": "<size=190%>%B%T%s%A</size>",
            "color" : [0.463 , 0.114 , 0.749 , 1.0]
        },
        {
            "threshold": 109,
            "text": "<size=130%>%B%T%s%A</size>",
            "color" : [0.078 , 0.584 , 0.968 , 1.0]
        },
        {
            "threshold": 107,
            "text": "%B%T%s%A",
            "color" : [0.09 , 0.125 , 0.329 , 1.0]
        },
        {
            "threshold": 104,
            "text": "<size=120%>%B%T%s%A</size>",
            "color" : [0.839 , 0.059 , 0.215 , 1.0]
        },
        {
            "threshold": 90,
            "text": "<size=140%>%T%s - BAD</size>",
            "color" : [0.839 , 0.059 , 0.215 , 1.0]
        },
        {
            "threshold": 0,
            "text": "-",
            "color" : [0.231 , 0.231 , 0.231 , 1.0]
        }
    ],
    "timeDependencyJudgments": [
        {
            "threshold": 0.4,
            "text": "<color=#3b3b3b>[</color><color=#d60f37>T</color><color=#3b3b3b>]</color>"
        },
        {
            "threshold": 0
        }
    ],
    "beforeCutAngleJudgments": [
        {
            "threshold": 69
        },
        {
            "threshold": 0,
            "text": "<color=#3b3b3b>[</color><color=#d60f37>B</color><color=#3b3b3b>]</color>"
        }
    ],
    "afterCutAngleJudgments": [
        {
            "threshold": 29
        },
        {
            "threshold": 0,
            "text": "<color=#3b3b3b>[</color><color=#d60f37>A</color><color=#3b3b3b>]</color>"
        }
    ]
}