{
  "majorVersion": 3,
  "minorVersion": 2,
  "patchVersion": 1,
  "displayMode": "format",
  "doIntermediateUpdates": true,
  "judgments": [
    {
      "threshold": 115,
      "text": "Fantastic%n%s%n%n%B %C %A",
      "color": [
        1.0,
        1.0,
        1.0,
        1.0
      ]
    },
    {
      "threshold": 114,
      "text": "Excellent%n%s%n%n%B %C %A",
      "color": [
        1.0,
        1.0,
        1.0,
        1.0
      ]
    },
    {
      "threshold": 112,
      "text": "Great%n%s%n%n%B %C %A",
      "color": [
        0.0,
        1.0,
        1.0,
        1.0
      ]
    },
    {
      "threshold": 110,
      "text": "Good%n%s%n%n%B %C %A",
      "color": [
        1.0,
        0.0,
        0.5,
        1.0
      ]
    },
    {
      "threshold": 105,
      "text": "Decent%n%s%n%n%B %C %A",
      "color": [
        0.0,
        0.0,
        1.0,
        1.0
      ]
    },  
    {
      "threshold": 101,
      "text": "Bad%n%s%n%n%B %C %A",
      "color": [
        0.0,
        1.0,
        0.0,
        1.0
      ]
    },
    {
      "threshold": 100,
      "text": "<size=150%>0</size>%n%n%n%B %C %A",
      "color": [
        1.0,
        0.0,
        0.0,
        1.0
      ]
    },
    {
      "threshold": 90,
      "text": "Bad%n%s%n%n%B %C %A",
      "color": [
        1.0,
        0.0,
        0.0,
        1.0
      ]
    },
    {
      "threshold": 80,
      "text": "Bad%n%s%n%n%B %C %A",
      "color": [
        1.0,
        0.0,
        0.0,
        1.0
      ],
      "fade": false
    },
    {
      "threshold": 60,
      "text": "Bad%n%s%n%n%B %C %A",
      "color": [
        1.0,
        0.0,
        0.0,
        1.0
      ],
      "fade": true
    },
    {
      "text": "Way Off%n%s%n%n%B %C %A",
      "color": [
        0.5,
        0.0,
        0.0,
        1.0
      ],
      "fade": true
    }
  ],
  "beforeCutAngleJudgments": [	
  	{
      "threshold": 71,
      "text": "?!?!?!?!"
    },
    {
      "threshold": 70,
      "text": " "
    },
    {
      "text": "_______________"
    }
  ],
  "accuracyJudgments": [
    {
      "text": " "
    }
  ],
  "afterCutAngleJudgments": [	
	{
      "threshold": 31,
      "text": "?!?!?!?!"
    },
    {
     "threshold": 30,
      "text": " "
    },
    {
      "text": "| | | | | | | |"
    }
  ]
}