{
  "majorVersion": 3,
  "minorVersion": 2,
  "patchVersion": 1,
  "isDefaultConfig": false,
  "displayMode": "format",
  "doIntermediateUpdates": true,
  "timeDependencyDecimalPrecision": 0,
  "timeDependencyDecimalOffset": 2,
  "judgments": [
    {
      "threshold": 115,
      "text": "<size=300%>%B%c%A</size>%n%T%t",
      "color": [
        1.0,
        1.0,
        1.0,
        1.0
      ],
      "fade": false
    },
    {
      "threshold": 114,
      "text": "<size=250%>%B%c%A%d</size>%n%T%t",
      "color": [
        1.0,
        1.0,
        1.0,
        1.0
      ],
      "fade": false
    },
    {
      "threshold": 113,
      "text": "<size=220%>%B%c%A%d</size>%n%T%t",
      "color": [
        0.1765,
        0.6157,
        0.6784,
        1.0
      ],
      "fade": false
    },
    {
      "threshold": 112,
      "text": "<size=220%>%B%c%A%d</size>%n%T%t",
      "color": [
        0.0,
        1.0,
        0.5,
        1.0
      ],
      "fade": false
    },
    {
      "threshold": 110,
      "text": "<size=220%>%B%c%A%d</size>%n%T%t",
      "color": [
        1.0,
        1.0,
        0.0,
        1.0
      ],
      "fade": false
    },
    {
      "text": "<size=200%>%B%c%A%d</size>%n%T%t",
      "color": [
        1.0,
        0.0,
        0.0,
        1.0
      ],
      "fade": false
    }
  ],
  "beforeCutAngleJudgments": [
    {
      "threshold": 71,
      "text": "?!?!?!?!"
    },
    {
      "threshold": 70,
      "text": " "
    },
    {
      "text": "<"
    }
  ],
  "afterCutAngleJudgments": [
    {
      "threshold": 31,
      "text": "?!?!?!?!"
    },
    {
      "threshold": 30,
      "text": " "
    },
    {
      "text": ">"
    }
  ],
  "timeDependencyJudgments": [
	{
      "threshold": 0.31,
      "text": "<color=#FF0000>"
    },
    {
      "threshold": 0.21,
      "text": "<color=#FFFF00>"
    },
    {
      "threshold": 0.11,
      "text": "<color=#00FF7F>"
    },
    {
      "threshold": 0.06,
      "text": "<color=#2D9DAD>"
    },
    {
      "text": "<color=#FFFFFF>"
    }
  ]
}