{
  "majorVersion": 3,
  "minorVersion": 2,
  "patchVersion": 1,
  "isDefaultConfig": false,
  "displayMode": "format",
  "doIntermediateUpdates": true,
  "timeDependencyDecimalPrecision": 0,
  "timeDependencyDecimalOffset": 0,
  "judgments": [
    {
      "threshold": 115,
      "text": "<size=325%>%B%c%A</size>",
      "color": [
        1.0,
        1.0,
        1.0,
        1.0
      ],
      "fade": false
    },
    {
      "threshold": 114,
      "text": "<size=300%>%B%c%A</size>",
      "color": [
        1.0,
        1.0,
        1.0,
        1.0
      ],
      "fade": false
    },
    {
      "threshold": 112,
      "text": "<size=250%>%B%c%A</size>",
      "color": [
        0.9882353,
        0.01960784,
        0.8941177,
        1.0
      ],
      "fade": false
    },
    {
           "threshold": 110,
      "text": "<size=230%>%B%c%A</size>",
      "color": [
        0.03137255,
        0.1411765,
        0.9882353,
        1.0
      ],
      "fade": false
    },
    {
      "threshold": 107,
      "text": "<size=220%>%B%c%A</size>",
      "color": [        1.0,
        1.0,
        0.0,
        1.0
      ],
      "fade": false
    },
    {
      "threshold": 101,
      "text": "<size=195%>%B%c%A</size>",
      "color": [
        3.0,
        0.0,
        0.0,
        3.0
      ],
      "fade": false
    },
    {
      "threshold": 100,
      "text": "<size=250%>why</size>",
      "color": [
        3.0,
        0.0,
        0.0,
        3.0
      ],
      "fade": true
    },
    {
      "threshold": 0,
      "text": "<size=160%>%B%c%A</size>",
      "color": [
        1.0,
        0.0,
        0.0,
        1.0
      ],
      "fade": false
    }
  ],
  "beforeCutAngleJudgments": [
    {
      "threshold": 71,
      "text": "LAG"
    },
    {
      "threshold": 70,
      "text": " "
    },
    {
      "threshold": 0,
      "text": "<"
    }
  ],
  "accuracyJudgments": [
    {
      "threshold": 0,
      "text": " "
    }
  ],
  "afterCutAngleJudgments": [
    {
      "threshold": 31,
      "text": "LAG"
    },
    {
      "threshold": 30,
      "text": " "
    },
    {
      "threshold": 0,
      "text": ">"
    }
  ]
}