{
  "majorVersion": 3,
  "minorVersion": 2,
  "patchVersion": 0,
  "isDefaultConfig": false,
  "displayMode": "format",
  "doIntermediateUpdates": true,
  "timeDependencyDecimalPrecision": 0,
  "timeDependencyDecimalOffset": 0,
  "judgments": [
    {
      "threshold": 115,
      "text": "<size=500%>15</size>",
      "color": [
        1.0,
        1.0,
        1.0,
        1.0
      ],
      "fade": false
    },
    {
      "threshold": 114,
      "text": "<size=300%>%B<#FFFFFF>1<#3CF5FF>1<#FF80FF>4%A</size>%n%n%B %C %A",
      "color": [
        1.0,
        1.0,
        1.0,
        1.0
      ],
      "fade": false
    },
    {
      "threshold": 113,
      "text": "<size=300%>%B<#8000FF>1<#46A5FF>1<#FF82B9>3%A</size>%n%n%B %C %A",
      "color": [
        0.275,
        0.647,
        1.0,
        1.0
      ],
      "fade": false
    },
    {
      "threshold": 112,
      "text": "<size=275%>%B<#8000FF>1<#46A5FF>1<#FF82B9>2%A</size>%n%n%B %C %A",
      "color": [
        0.275,
        0.647,
        1.0,
        1.0
      ],
      "fade": false
    },
    {
      "threshold": 111,
      "text": "<size=250%>%B<#00FF00>1<#AC59FF>1<#00FF00>1%A</size>%n%n%B %C %A",
      "color": [
        0.0,
        1.0,
        0.0,
        1.0
      ],
      "fade": true
    },
    {
      "threshold": 110,
      "text": "<size=200%>%B<#00FF00>1<#AC55FF>1<#00FF00>0%A</size>%n%n%B %C %A",
      "color": [
        0.0,
        1.0,
        0.0,
        1.0
      ],
      "fade": false
    },
    {
      "threshold": 109,
      "text": "<size=175%>%B<#00FF00>1<#AC55FF>0<#00FF00>9%A</size>%n%n%B %C %A",
      "color": [
        0.0,
        1.0,
        0.0,
        1.0
      ],
      "fade": false
    },
    {
      "threshold": 108,
      "text": "<size=150%>8</size>",
      "color": [
        0.0,
        1.0,
        0.0,
        1.0
      ],
      "fade": false
    },
    {
      "threshold": 107,
      "text": "<size=125%>7</size>",
      "color": [
        0.0,
        1.0,
        0.0,
        1.0
      ],
      "fade": false
    },
    {
      "threshold": 106,
      "text": "<size=100%>6</size>",
      "color": [
        0.0,
        1.0,
        0.0,
        1.0
      ],
      "fade": false
    },
    {
      "threshold": 105,
      "text": "<size=125%>5</size>",
      "color": [
        1.0,
        0.980392158,
        0.0,
        1.0
      ],
      "fade": false
    },
    {
      "threshold": 104,
      "text": "<size=100%>4</size>",
      "color": [
        1.0,
        0.980392158,
        0.0,
        1.0
      ],
      "fade": false
    },
    {
      "threshold": 103,
      "text": "<size=100%>3</size>",
      "color": [
        1.0,
        0.980392158,
        0.0,
        1.0
      ],
      "fade": false
    },
    {
      "threshold": 102,
      "text": "<size=100%>2</size>",
      "color": [
        1.0,
        0.980392158,
        0.0,
        1.0
      ],
      "fade": false
    },
    {
      "threshold": 101,
      "text": "<size=100%>1</size>",
      "color": [
        1.0,
        0.980392158,
        0.0,
        1.0
      ],
      "fade": false
    },
    {
      "threshold": 100,
      "text": "<size=100%>0</size>",
      "color": [
        1.0,
        0.0,
        0.0,
        1.0
      ],
      "fade": false
    },
    {
      "threshold": 0,
      "text": "<size=100%>%C%n%B%s%A</size>",
      "color": [
        0.5,
        0.0,
        0.5,
        1.0
      ],
      "fade": true
    }
  ],
  "beforeCutAngleJudgments": [
    {
      "threshold": 70,
      "text": ""
    },
    {
      "threshold": 0,
      "text": ""
    }
  ],
  "accuracyJudgments": [
    {
      "threshold": 15,
      "text": ""
    },
    {
      "threshold": 0,
      "text": ""
    }
  ],
  "afterCutAngleJudgments": [
    {
      "threshold": 30,
      "text": ""
    },
    {
      "threshold": 0,
      "text": ""
    }
  ]
}