{
  "majorVersion": 3,
  "minorVersion": 3,
  "patchVersion": 3,
  "isDefaultConfig (copy)": false,
  "displayMode": "format",
  "doIntermediateUpdates": true,
  "timeDependencyDecimalPrecision": 1,
  "timeDependencyDecimalOffset": 2,
  "isDefaultConfig": false,
  "judgments": [
    {
      "threshold": 115,
      "text": "<size=300%><3",
      "color": [0.6, 0, 1, 1],
      "fade": false
    },
    {
      "threshold": 114,
      "text": "<size=270%>%A%n%s",
      "color": [1, 1, 1, 1],
      "fade": false
    },
    {
      "threshold": 111,
      "text": "<size=240%>%A%n%s",
      "color": [1, 0.78431, 1, 1],
      "fade": false
    },
    {
      "threshold": 107,
      "text": "<size=225%>%A%n%s",
      "color": [1, 0.62745, 1, 1],
      "fade": false
    },
    {
      "threshold": 104,
      "text": "<size=215%>%A%n%s",
      "color": [1, 0.470588, 1, 1],
      "fade": false
    },
    {
      "threshold": 101,
      "text": "<size=210%>%A%n%s",
      "color": [1, 0.31372549, 1, 1],
      "fade": false
    },
    {
      "threshold": 100,
      "text": "<size=240%>HITBOX%",
      "color": [0.2868852459, 0.2868852459, 0.2868852459, 1],
      "fade": false
    },
    {
      "threshold": 0,
      "text": "<size=180%>%A%n%s",
      "color": [1, 0, 1, 1],
      "fade": false
    }
  ],
  "beforeCutAngleJudgments": [
    {
      "threshold": 70,
      "text": ""
    },
    {
      "threshold": 0,
      "text": ""
    }
  ],
  "accuracyJudgments": [
    {
      "threshold": 15,
      "text": ""
    },
    {
      "threshold": 0,
      "text": ""
    }
  ],
  "afterCutAngleJudgments": [
    {
      "threshold": 30,
      "text": ""
    },
    {
      "threshold": 0,
      "text": ""
    }
  ],
  "chainHeadJudgments": [
    {
      "threshold": 85,
      "text": "<size=180%>%B%n%s",
      "color": [1, 1, 1, 1],
      "fade": false
    },
    {
      "threshold": 71,
      "text": "<size=180%>%B%n%s",
      "color": [1, 0.78431, 1, 1],
      "fade": false
    },
    {
      "threshold": 60,
      "text": "<size=180%>%B%n%s",
      "color": [1, 0.62745, 1, 1],
      "fade": false
    },
    {
      "threshold": 50,
      "text": "<size=180%>%B%n%s",
      "color": [1, 0.4705882, 1, 1],
      "fade": false
    },
    {
      "threshold": 30,
      "text": "<size=180%>%B%n%s",
      "color": [1, 0.31372549, 1, 1],
      "fade": false
    },
    {
      "threshold": 0,
      "text": "<size=180%>%B%n%s",
      "color": [1, 0.1568627, 1, 1],
      "fade": false
    }
  ],
  "chainLinkDisplay": {
    "text": "\\ %s //",
    "color": [1, 0, 1, 1]
  }
}