{
    "majorVersion": 2,
    "minorVersion": 4,
    "patchVersion": 1,
    "isDefaultConfig": false,
    "doIntermediateUpdates": true,
    "displayMode": "format",
    "judgments": [
      {
        "threshold": 115,
        "text": "<size=200%>%B%c%A</size>",
        "color": [
          1.0,
          1.0,
          1.0,
          1.0
        ]
      },
      {
        "threshold": 115,
        "text": "<size=120%>%B%c%A</size>",
        "color": [
          1.0,
          0.753,
          0.796,
          1.0
        ]
      },
      {
        "threshold": 115,
        "text": "<size=120%>%B%c%A</size>",
        "color": [
          1.0,
          1.0,
          1.0,
          1.0
        ]
      },
      {
        "threshold": 115,
        "text": "<size=120%>%B%c%A</size>",
        "color": [
          1.0,
          1.0,
          1.0,
          1.0
        ]
      },
      {
        "threshold": 115,
        "text": "<size=120%>%B%c%A</size>",
        "color": [
          1.0,
          1.0,
          1.0,
          1.0
        ]
      },
      {
        "threshold": 115,
        "text": "<size=120%>%B%c%A</size>",
        "color": [
          1.0,
          1.0,
          1.0,
          1.0
        ],
        "fade": true
      },
      {
        "threshold": 115,
        "text": "<size=120%>%B%c%A</size>",
        "color": [
          1.0,
          1.0,
          1.0,
          1.0
        ],
        "fade": true
      },
      {
        "text": "<size=120%>%B%c%A</size>",
        "color": [
          1.0,
          1.0,
          1.0,
          1.0
        "fade": true
      }
    ],
    "beforeCutAngleJudgments": [
        {
          "threshold": 70,
          "text": ""
        },
        {
          "threshold": 69,
          "text": "<color=#00FF00><size=200%>!</size></color>"
        },
        {
          "threshold": 65,
          "text": "<color=#FFFF00><size=200%>!</size></color>"
        },
        {
          "threshold": 60,
          "text": "<color=#FF0000><size=200%>!</size></color>"
        },
        {
          "text": "<color=#FF0000><size=250%>!!</size></color>"
        }
      ],
      "accuracyJudgments": [
        {
          "threshold": 5,
          "text": ""
        },
        {
          "text": ""
        }
      ],
      "afterCutAngleJudgments": [
        {
          "threshold": 30,
          "text": ""
        },
        {
          "threshold": 29,
          "text": "<color=#00FF00><size=200%>!</size></color>"
        },
        {
          "threshold": 27,
          "text": "<color=#FFFF00><size=200%>!</size></color>"
        },
        {
          "threshold": 25,
          "text": "<color=#FF0000><size=200%>!</size></color>"
        },
        {
          "text": "<color=#FF0000><size=250%>!!</size></color>"
        }
      ]
  }