{
  "majorVersion": 3,
  "minorVersion": 5,
  "patchVersion": 2,
  "isDefaultConfig": false,
  "displayMode": "format",
  "doIntermediateUpdates": true,
  "assumeMaxPostSwing": false,
  "timeDependencyDecimalPrecision": 0,
  "timeDependencyDecimalOffset": 0,
  "judgments": [
    {
      "threshold": 115,
      "text": "<size=300%>%s</size>",
      "color": [
        1.0,
        1.0,
        1.0,
        1.0
      ],
      "fade": false
    },
    {
      "threshold": 114,
      "text": "<size=275%>%s</size>",
      "color": [
        1.0,
        1.0,
        1.0,
        1.0
      ],
      "fade": false
    },
    {
      "threshold": 113,
      "text": "<size=250%>%s</size>",
      "color": [
        1.0,
        1.0,
        1.0,
        1.0
      ],
      "fade": false
    },
    {
      "threshold": 112,
      "text": "<size=225%>%s</size>",
      "color": [
        1.0,
        1.0,
        1.0,
        1.0
      ],
      "fade": false
    },
    {
      "threshold": 111,
      "text": "<size=200%>%s</size>",
      "color": [
        1.0,
        1.0,
        1.0,
        1.0
      ],
      "fade": false
    },
    {
      "threshold": 110,
      "text": "<size=175%>%s</size>",
      "color": [
        1.0,
        1.0,
        1.0,
        1.0
      ],
      "fade": false
    },
    {
      "threshold": 105,
      "text": "<size=150%>%s</size>",
      "color": [
        1.0,
        1.0,
        1.0,
        1.0
      ],
      "fade": false
    },
    {
      "threshold": 101,
      "text": "<size=150%>%s</size>",
      "color": [
        1.0,
        1.0,
        1.0,
        1.0
      ],
      "fade": false
    },
    {
      "threshold": 100,
      "text": "<size=150%>%s</size>",
      "color": [
        1.0,
        1.0,
        1.0,
        1.0
      ],
      "fade": false
    },
    {
      "threshold": 0,
      "text": "<size=150%>%s</size>",
      "color": [
        1.0,
        1.0,
        1.0,
        1.0
      ],
      "fade": false
    }
  ],
  "beforeCutAngleJudgments": [
    {
      "threshold": 70,
      "text": ""
    },
    {
      "threshold": 0,
      "text": "  "
    }
  ],
  "accuracyJudgments": [
    {
      "threshold": 15,
      "text": ""
    },
    {
      "threshold": 0,
      "text": "  "
    }
  ],
  "afterCutAngleJudgments": [
    {
      "threshold": 30,
      "text": ""
    },
    {
      "threshold": 0,
      "text": "  "
    }
  ]
}