{
  "majorVersion": 3,
  "minorVersion": 5,
  "patchVersion": 2,
  "isDefaultConfig": false,
  "displayMode": "format",
  "doIntermediateUpdates": true,
  "assumeMaxPostSwing": false,
  "timeDependencyDecimalPrecision": 1,
  "timeDependencyDecimalOffset": 2,
  "judgments": [
    {
      "threshold": 115,
      "text": "%BFantastic%A%n%s",
      "color": [
        1.0,
        1.0,
        1.0,
        1.0
      ],
      "fade": false
    },
    {
      "threshold": 112,
      "text": "<size=80%>%BExcellent%A</size>%n%s",
      "color": [
        0.0,
        1.0,
        0.0,
        1.0
      ],
      "fade": false
    },
    {
      "threshold": 103,
      "text": "<size=80%>%BExcellent%A</size>%n%s",
      "color": [
        0.3,
        0.0,
        1.0,
        1.0
      ],
      "fade": false
    },
    {
      "threshold": 80,
      "text": "<size=80%>%BGood%A</size>%n%s",
      "color": [
        1.0,
        0.6,
        0.0,
        1.0
      ],
      "fade": false
    },
    {
      "threshold": 60,
      "text": "<size=80%>%BDecent%A</size>%n%s",
      "color": [
        1.0,
        0.0,
        0.0,
        1.0
      ],
      "fade": false
    },
    {
      "threshold": 0,
      "text": "<size=80%>%BWay Off%A</size>%n%s",
      "color": [
        0.5,
        0.0,
        0.0,
        1.0
      ],
      "fade": false
    }
  ],
  "beforeCutAngleJudgments": [
    {
      "threshold": 71,
      "text": "?!?!?!?!"
    },
    {
      "threshold": 70,
      "text": " "
    },
    {
      "threshold": 0,
      "text": "_______________"
    }
  ],
  "accuracyJudgments": [
    {
      "threshold": 0,
      "text": " "
    }
  ],
  "afterCutAngleJudgments": [
    {
      "threshold": 31,
      "text": "?!?!?!?!"
    },
    {
      "threshold": 30,
      "text": " "
    },
    {
      "threshold": 0,
      "text": "| | | | | | | |"
    }
  ]
}