{
  "majorVersion": 3,
  "minorVersion": 2,
  "patchVersion": 0,
  "isDefaultConfig": false,
  "displayMode": "format",
  "doIntermediateUpdates": true,
  "timeDependencyDecimalPrecision": 0,
  "timeDependencyDecimalOffset": 0,
  "judgments": [
    {
      "threshold": 115,
      "text": "<size=250%>15</size> %n %B %A",
      "color": [
        1.0,
        1.0,
        1.0,
        1.0
      ],
      "fade": false
    },
    {
      "threshold": 114,
      "text": "<size=200%>14</size> %n %B %A",
      "color": [
        1.0,
        1.0,
        1.0,
        1.0
      ],
      "fade": false
    },
    {
      "threshold": 113,
      "text": "<size=200%>13</size> %n %B %A",
      "color": [
        0.0,
        0.4,
        1.0,
        1.0
      ],
      "fade": false
    },
    {
      "threshold": 112,
      "text": "<size=220%>12</size> %n %B %A",
      "color": [
        0.0,
        0.4,
        1.0,
        1.0
      ],
      "fade": false
    },
    {
      "threshold": 111,
      "text": "<size=200%>11</size> %n %B %A",
      "color": [
        0.8627,
        0.902,
        0.3137,
        1.0
      ],
      "fade": false
    },
    {
      "threshold": 110,
      "text": "<size=200%>10</size> %n %B %A",
      "color": [
        0.8627,
        0.902,
        0.3137,
        1.0
      ],
      "fade": false
    },
    {
      "threshold": 109,
      "text": "<size=200%>9</size> %n %B %A",
      "color": [
        0.8627,
        0.902,
        0.3137,
        1.0
      ],
      "fade": false
    },
    {
      "threshold": 108,
      "text": "<size=200%>8</size> %n %B %A",
      "color": [
        0.8627,
        0.902,
        0.3137,
        1.0
      ],
      "fade": false
    },
    {
      "threshold": 107,
      "text": "<size=200%>7</size> %n %B %A",
      "color": [
        0.8627,
        0.902,
        0.3137,
        1.0
      ],
      "fade": false
    },
    {
      "threshold": 106,
      "text": "<size=200%>6</size> %n %B %A",
      "color": [
        0.04,
        1.0,
        0.04,
        1.0
      ],
      "fade": false
    },
    {
      "threshold": 105,
      "text": "<size=200%>5</size> %n %B %A",
      "color": [
        0.04,
        1.0,
        0.04,
        1.0
      ],
      "fade": false
    },
    {
      "threshold": 104,
      "text": "<size=200%>4</size> %n %B %A",
      "color": [
        0.04,
        1.0,
        0.04,
        1.0
      ],
      "fade": false
    },
    {
      "threshold": 103,
      "text": "<size=200%>3</size> %n %B %A",
      "color": [
        0.8,
        0.3,
        0.3,
        1.0
      ],
      "fade": false
    },
    {
      "threshold": 102,
      "text": "<size=200%>2</size> %n %B %A",
      "color": [
        0.8,
        0.3,
        0.3,
        1.0
      ],
      "fade": false
    },
    {
      "threshold": 101,
      "text": "<size=200%>1</size> %n %B %A",
      "color": [
        0.8,
        0.3,
        0.3,
        1.0
      ],
      "fade": false
    },
    {
      "threshold": 100,
      "text": "<size=200%>0</size> %n %B %A",
      "color": [
        0.8,
        0.3,
        0.3,
        1.0
      ],
      "fade": true
    },
    {
      "threshold": 10,
      "text": "<size=100%>-</size>",
      "color": [
        0.5,
        0.0,
        0.0,
        1.0
      ],
      "fade": true
    },
    {
      "threshold": 0,
      "text": "<size=100%> </size>",
      "color": [
        0.9,
        0.9,
        1.0,
        1.0
      ],
      "fade": true
    }
  ],
  "beforeCutAngleJudgments": [
    {
      "threshold": 70,
      "text": " "
    },
    {
      "threshold": 0,
      "text": " * "
    }
  ],
  "accuracyJudgments": [
    {
      "threshold": 15,
      "text": "+"
    },
    {
      "threshold": 0,
      "text": "  "
    }
  ],
  "afterCutAngleJudgments": [
    {
      "threshold": 30,
      "text": " "
    },
    {
      "threshold": 0,
      "text": " * "
    }
  ]
}