{
  "majorVersion": 3,
  "minorVersion": 2,
  "patchVersion": 1,
  "isDefaultConfig": false,
  "displayMode": "format",
  "doIntermediateUpdates": true,
  "timeDependencyDecimalPrecision": 0,
  "timeDependencyDecimalOffset": 0,
  "judgments": [
    {
      "threshold": 114,
      "text": "<size=190%>%s</size>%n%B %A",
      "color": [
        1.0,
        1.0,
        1.0,
        1.0
      ],
      "fade": false
    },
    {
      "threshold": 111,
      "text": "<size=170%>%s</size>%n%B %A",
      "color": [
        0.0,
        1.0,
        1.0,
        1.0
      ],
      "fade": false
    },
    {
      "threshold": 109,
      "text": "<size=170%>%s</size>%n%B %A",
      "color": [
        0.0,
        1.0,
        0.0,
        1.0
      ],
      "fade": false
    },
    {
      "threshold": 105,
      "text": "<size=180%>%s</size>%n%B %A",
      "color": [
        1.0,
        1.0,
        0.0,
        1.0
      ],
      "fade": false
    },
    {
      "threshold": 101,
      "text": "<size=180%>%s</size>%n%B %A",
      "color": [
        1.0,
        0.2,
        0.0,
        1.0
      ],
      "fade": false
    },
    {
      "threshold": 100,
      "text": "<size=180%>DUMBASS</size>%n%B %A",
      "color": [
        1.0,
        0.2,
        0.0,
        1.0
      ],
      "fade": false
    },
    {
      "threshold": 0,
      "text": "<size=170%>%s</size>%n%B %A",
      "color": [
        1.0,
        0.0,
        0.0,
        1.0
      ],
      "fade": false
    }
  ],
  "beforeCutAngleJudgments": [
    {
      "threshold": 70,
      "text": " "
    },
    {
      "threshold": 0,
      "text": "----------------------------------------"
    }
  ],
  "afterCutAngleJudgments": [
    {
      "threshold": 31,
      "text": "?!?!?!?!"
    },
    {
      "threshold": 30,
      "text": " "
    },
    {
      "threshold": 0,
      "text": "| | | | | | | |"
    }
  ]
}