{
  "majorVersion": 3,
  "minorVersion": 3,
  "patchVersion": 2,
  "isDefaultConfig": false,
  "displayMode": "format",
  "doIntermediateUpdates": true,
  "timeDependencyDecimalPrecision": 1,
  "timeDependencyDecimalOffset": 2,
  "judgments": [
    {
      "threshold": 115,
      "text": "<size=150%>%s</size>%n%n%B %C %A%n",
      "color": [
        1.0,
        1.0,
        1.0,
        1.0
      ],
      "fade": false
    },
    {
      "threshold": 114,
      "text": "<size=150%>%s</size>%n%n%B %C %A%n",
      "color": [
        1.0,
        1.0,
        1.0,
        1.0
      ],
      "fade": false
    },
    {
      "threshold": 111,
      "text": "<size=120%>%s</size>%n%n%B %C %A%n",
      "color": [
        0.168627456,
        0.282352954,
        1.0,
        1.0
      ],
      "fade": false
    },
    {
      "threshold": 108,
      "text": "<size=120%>%s</size>%n%n%B %C %A%n",
      "color": [
        0.58431375,
        0.168627456,
        1.0,
        1.0
      ],
      "fade": false
    },
    {
      "threshold": 105,
      "text": "<size=120%>%s</size>%n%n%B %C %A%n",
      "color": [
        0.0,
        0.8509804,
        0.141176477,
        1.0
      ],
      "fade": false
    },
    {
      "threshold": 100,
      "text": "<size=120%>%s</size>%n%n%B %C %A%n",
      "color": [
        0.215686277,
        0.215686277,
        0.215686277,
        1.0
      ],
      "fade": false
    },
    {
      "threshold": 0,
      "text": "<size=120%>%s</size>%n%n%B %C %A%n",
      "color": [
        1.0,
        0.0,
        0.0,
        1.0
      ],
      "fade": false
    }
  ],
  "beforeCutAngleJudgments": [
    {
      "threshold": 70,
      "text": " "
    },
    {
      "threshold": 0,
      "text": " "
    }
  ],
  "accuracyJudgments": [
    {
      "threshold": 15,
      "text": " "
    },
    {
      "threshold": 0,
      "text": " "
    }
  ],
  "afterCutAngleJudgments": [
    {
      "threshold": 30,
      "text": " "
    },
    {
      "threshold": 0,
      "text": " "
    }
  ]
}