{
  "majorVersion": 3,
  "minorVersion": 2,
  "patchVersion": 0,
  "isDefaultConfig": false,
  "displayMode": "format",
  "doIntermediateUpdates": true,
  "timeDependencyDecimalPrecision": 1,
  "timeDependencyDecimalOffset": 2,
  "judgments": [
    {
      "threshold": 115,
      "text": "<size=150%>%s</size>%n%n%B %C %A%n",
      "color": [
        1.0,
        1.0,
        1.0,
        1.0
      ],
      "fade": false
    },
    {
      "threshold": 114,
      "text": "<size=150%>%s</size>%n%n%B %C %A%n",
      "color": [
        1.0,
        1.0,
        1.0,
        1.0
      ],
      "fade": false
    },
    {
      "threshold": 111,
      "text": "<size=120%>%s</size>%n%n%B %C %A%n",
      "color": [
        0.16862745098,
        0.28235294117,
        1.0,
        1.0
      ],
      "fade": false
    },
    {
      "threshold": 108,
      "text": "<size=120%>%s</size>%n%n%B %C %A%n",
      "color": [
        0.58431372549,
        0.16862745098,
        1.0,
        1.0
      ],
      "fade": false
    },
    {
      "threshold": 105,
      "text": "<size=120%>%s</size>%n%n%B %C %A%n",
      "color": [
        0.0,
        0.85098039215,
        0.14117647058,
        1.0
      ],
      "fade": false
    },
    {
      "threshold": 100,
      "text": "<size=120%>%s</size>%n%n%B %C %A%n",
      "color": [
        0.21568627451,
        0.21568627451,
        0.21568627451,
        1.0
      ],
      "fade": false
    },
    {
      "threshold": 0,
      "text": "<size=120%>%s</size>%n%n%B %C %A%n",
      "color": [
        1.0,
        0.0,
        0.0,
        1.0
      ],
      "fade": false
    }
  ],
  "beforeCutAngleJudgments": [
    {
      "threshold": 70,
      "text": " "
    },
    {
      "threshold": 0,
      "text": " "
    }
  ],
  "accuracyJudgments": [
    {
      "threshold": 15,
      "text": " "
    },
    {
      "threshold": 0,
      "text": " "
    }
  ],
  "afterCutAngleJudgments": [
    {
      "threshold": 30,
      "text": " "
    },
    {
      "threshold": 0,
      "text": " "
    }
  ]
}