{
  "majorVersion": 3,
  "minorVersion": 2,
  "patchVersion": 1,
  "isDefaultConfig": false,
  "displayMode": "format",
  "doIntermediateUpdates": true,
  "timeDependencyDecimalPrecision": 0,
  "timeDependencyDecimalOffset": 0,
  "judgments": [
    {
      "threshold": 115,
      "text": "<size=250%>15</size>",
      "color": [
        1.0,
        1.0,
        1.0,
        1.0
      ],
      "fade": false
    },
    {
      "threshold": 114,
      "text": "<size=250%>%B%A14%B%A</size>",
      "color": [
        1.0,
        1.0,
        1.0,
        1.0
      ],
      "fade": false
    },
    {
      "threshold": 113,
      "text": "<size=230%>%B%A13%B%A</size>",
      "color": [
        0.0,
        1.0,
        0.2,
        1.0
      ],
      "fade": false
    },
    {
      "threshold": 112,
      "text": "<size=230%>%B%A12%B%A</size>",
      "color": [
        0.0,
        1.0,
        0.2,
        1.0
      ],
      "fade": false
    },
    {
      "threshold": 111,
      "text": "<size=215%>%B%A12%B%A</size>",
      "color": [
        0.115,
        0.9,
        0.115,
        1.0
      ],
      "fade": false
    },
    {
      "threshold": 110,
      "text": "<size=215%>%B%A10%B%A</size>",
      "color": [
        0.115,
        0.9,
        0.115,
        1.0
      ],
      "fade": false
    },
    {
      "threshold": 109,
      "text": "<size=215%>%B%A10%B%A</size>",
      "color": [
        0.115,
        0.9,
        0.115,
        1.0
      ],
      "fade": false
    },
    {
      "threshold": 108,
      "text": "<size=215%>%B%A10%B%A</size>",
      "color": [
        0.115,
        0.9,
        0.115,
        1.0
      ],
      "fade": false
    },
    {
      "threshold": 107,
      "text": "<size=190%>%B%A5%B%A</size>",
      "color": [
        1.0,
        0.0,
        0.0,
        1.0
      ],
      "fade": false
    },
    {
      "threshold": 106,
      "text": "<size=190%>%B%A5%B%A</size>",
      "color": [
        1.0,
        0.0,
        0.0,
        1.0
      ],
      "fade": false
    },
    {
      "threshold": 105,
      "text": "<size=190%>%B%A5%B%A</size>",
      "color": [
        1.0,
        0.0,
        0.0,
        1.0
      ],
      "fade": false
    },
    {
      "threshold": 104,
      "text": "<size=190%>%B%A0%B%A</size>",
      "color": [
        1.0,
        0.0,
        0.0,
        1.0
      ],
      "fade": false
    },
    {
      "threshold": 103,
      "text": "<size=190%>%B%A0%B%A</size>",
      "color": [
        1.0,
        0.0,
        0.0,
        1.0
      ],
      "fade": false
    },
    {
      "threshold": 102,
      "text": "<size=190%>%B%A0%B%A</size>",
      "color": [
        1.0,
        0.0,
        0.0,
        1.0
      ],
      "fade": false
    },
    {
      "threshold": 101,
      "text": "<size=190%>%B%A1%B%A</size>",
      "color": [
        1.0,
        0.0,
        0.0,
        1.0
      ],
      "fade": false
    },
    {
      "threshold": 100,
      "text": "<size=190%>%B%A100%B%A</size>",
      "color": [
        1.0,
        0.0,
        0.0,
        1.0
      ],
      "fade": false
    },
    {
      "threshold": 90,
      "text": "<size=190%>%B%A90%B%A</size>",
      "color": [
        1.0,
        0.0,
        0.0,
        1.0
      ],
      "fade": false
    },
    {
      "threshold": 80,
      "text": "<size=190%>%B%A80%B%A</size>",
      "color": [
        1.0,
        0.0,
        0.0,
        1.0
      ],
      "fade": false
    },
    {
      "threshold": 70,
      "text": "<size=190%>%B%A70%B%A</size>",
      "color": [
        1.0,
        0.0,
        0.0,
        1.0
      ],
      "fade": false
    },
    {
      "threshold": 60,
      "text": "<size=190%>%B%A60%B%A</size>",
      "color": [
        1.0,
        0.0,
        0.0,
        1.0
      ],
      "fade": false
    },
    {
      "threshold": 50,
      "text": "<size=150%>%B%A50%B%A</size>",
      "color": [
        1.0,
        0.0,
        0.0,
        1.0
      ],
      "fade": false
    },
    {
      "threshold": 40,
      "text": "<size=150%>%B%A40%B%A</size>",
      "color": [
        1.0,
        0.0,
        0.0,
        1.0
      ],
      "fade": false
    },
    {
      "threshold": 30,
      "text": "<size=150%>%B%A30%B%A</size>",
      "color": [
        1.0,
        0.0,
        0.0,
        1.0
      ],
      "fade": false
    },
    {
      "threshold": 20,
      "text": "<size=150%>%B%A20%B%A</size>",
      "color": [
        1.0,
        0.0,
        0.0,
        1.0
      ],
      "fade": false
    },
    {
      "threshold": 0,
      "text": "<size=150%>%B%A0%B%A</size>",
      "color": [
        1.0,
        0.0,
        0.0,
        1.0
      ],
      "fade": true
    }
  ],
  "beforeCutAngleJudgments": [
    {
      "threshold": 70,
      "text": " "
    },
    {
      "threshold": 0,
      "text": "<color=#18191A>"
    }
  ],
  "afterCutAngleJudgments": [
    {
      "threshold": 30,
      "text": " "
    },
    {
      "threshold": 0,
      "text": "<color=#18191A>"
    }
  ]
}