{
  "majorVersion": 3,
  "minorVersion": 3,
  "patchVersion": 2,
  "isDefaultConfig": false,
  "displayMode": "format",
  "doIntermediateUpdates": true,
  "timeDependencyDecimalPrecision": 0,
  "timeDependencyDecimalOffset": 0,
  "judgments": [
    {
      "threshold": 115,
      "text": "<size=140%></color><#FF8080C0>A</color><#FFC080C0>W</color><#FFF080C0>E</color><#80FF80C0>S</color><#80FFFFC0>O</color><#8080FFC0>M</color><#FF80FFC0>E",
      "color": [
        1.0,
        1.0,
        1.0,
        1.0
      ],
      "fade": false
    },
    {
      "threshold": 114,
      "text": "<size=130%></color><#74FBDC>S</color><#9874FB>M</color><#FB7494>I</color><#74FBDC>L</color><#9874FB>E</color><#FB7494>S",
      "color": [
        1.0,
        1.0,
        1.0,
        1.0
      ],
      "fade": false
    },
    {
      "threshold": 112,
      "text": "<size=120%></color><#FF81D4>K</color><#FFEA81>I</color><#81FFAB>S</color><#FF81D4>S</color><#FFEA81>E</color><#81FFAB>S",
      "color": [
        1.0,
        1.0,
        1.0,
        1.0
      ],
      "fade": false
    },
    {
      "threshold": 110,
      "text": "<size=110%></color><#C975FF>C</color><#FF75F0>U</color><#8475FF>D</color><#FF75F0>D</color><#C975FF>L</color><#FF75F0>E</color><#8475FF>S",
      "color": [
        1.0,
        1.0,
        1.8,
        1.0
      ],
      "fade": false
    },
    {
      "threshold": 107,
      "text": "<size=90%></color><#73F6C2>H</color><#73E8F6>A</color><#73F681>P</color><#73E8F6>P</color><#73F6C2>Y",
      "color": [
        1.0,
        1.0,
        1.0,
        1.0
      ],
      "fade": false
    },
    {
      "threshold": 101,
      "text": "<size=90%></color><#FFEF7C>J</color><#7CFFEF>O</color><#EF7CFF>Y",
      "color": [
        1.0,
        1.0,
        1.0,
        1.0
      ],
      "fade": false
    },
    {
      "threshold": 100,
      "text": "<size=70%></color><#D7F294>Y</color><#94F2DD>I</color><#AF94F2>P</color><#F294A8>P</color><#AF94F2>E</color><#94F2DD>E",
      "color": [
        1.0,
        1.0,
        0.0,
        1.0
      ],
      "fade": false
    },
    {
      "threshold": 0,
      "text": "<size=70%></color><#FF7974>L</color><#FFBE74>O</color><#FF74B5>V</color><#FFBE74>E",
      "color": [
        1.0,
        0.0,
        0.0,
        1.0
      ],
      "fade": false
    }
  ]
}